student_id,dropout
S1,0
S2,0
S3,1
S4,0
S5,0
S6,1
S7,0
S8,0
S9,0
S10,1
S11,1
S12,0
S13,0
S14,0
S15,1
S16,1
S17,0
S18,0
S19,1
S20,1
S21,1
S22,0
S23,0
S24,0
S25,0
S26,0
S27,1
S28,1
S29,1
S30,1
S31,0
S32,0
S33,0
S34,0
S35,1
S36,0
S37,0
S38,0
S39,0
S40,1
S41,0
S42,0
S43,0
S44,0
S45,0
S46,1
S47,1
S48,1
S49,1
S50,0
S51,1
S52,0
S53,0
S54,0
S55,0
S56,1
S57,0
S58,0
S59,0
S60,0
S61,1
S62,1
S63,0
S64,1
S65,1
S66,0
S67,0
S68,0
S69,0
S70,0
S71,0
S72,0
S73,0
S74,0
S75,0
S76,1
S77,1
S78,0
S79,0
S80,0
S81,1
S82,0
S83,0
S84,0
S85,0
S86,0
S87,1
S88,0
S89,1
S90,0
S91,0
S92,0
S93,1
S94,0
S95,0
S96,0
S97,0
S98,1
S99,0
S100,0
S101,0
S102,0
S103,0
S104,1
S105,0
S106,0
S107,0
S108,1
S109,1
S110,0
S111,0
S112,0
S113,0
S114,0
S115,1
S116,0
S117,0
S118,0
S119,1
S120,0
S121,1
S122,1
S123,0
S124,0
S125,0
S126,0
S127,1
S128,1
S129,1
S130,1
S131,1
S132,1
S133,0
S134,0
S135,0
S136,0
S137,0
S138,0
S139,0
S140,0
S141,0
S142,0
S143,0
S144,0
S145,0
S146,0
S147,0
S148,1
S149,0
S150,0
S151,0
S152,0
S153,0
S154,0
S155,1
S156,0
S157,0
S158,1
S159,0
S160,0
S161,1
S162,0
S163,0
S164,1
S165,0
S166,1
S167,1
S168,0
S169,0
S170,1
S171,1
S172,0
S173,0
S174,1
S175,0
S176,0
S177,0
S178,0
S179,0
S180,0
S181,0
S182,0
S183,1
S184,0
S185,0
S186,0
S187,1
S188,0
S189,0
S190,0
S191,0
S192,0
S193,1
S194,1
S195,1
S196,0
S197,0
S198,1
S199,1
S200,0
S201,0
S202,0
S203,0
S204,0
S205,0
S206,0
S207,1
S208,0
S209,0
S210,0
S211,0
S212,0
S213,0
S214,1
S215,0
S216,0
S217,0
S218,0
S219,1
S220,0
S221,0
S222,1
S223,0
S224,1
S225,1
S226,0
S227,1
S228,0
S229,0
S230,0
S231,1
S232,0
S233,0
S234,0
S235,1
S236,0
S237,0
S238,0
S239,0
S240,1
S241,1
S242,0
S243,0
S244,0
S245,1
S246,0
S247,0
S248,1
S249,0
S250,0
S251,1
S252,1
S253,0
S254,0
S255,0
S256,1
S257,0
S258,0
S259,0
S260,0
S261,0
S262,0
S263,1
S264,0
S265,1
S266,0
S267,0
S268,0
S269,0
S270,1
S271,0
S272,1
S273,0
S274,0
S275,0
S276,0
S277,0
S278,0
S279,0
S280,1
S281,0
S282,1
S283,0
S284,1
S285,0
S286,0
S287,0
S288,0
S289,0
S290,0
S291,0
S292,1
S293,0
S294,1
S295,1
S296,0
S297,0
S298,1
S299,0
S300,1
S301,0
S302,0
S303,1
S304,0
S305,0
S306,1
S307,1
S308,0
S309,0
S310,0
S311,0
S312,1
S313,0
S314,1
S315,0
S316,1
S317,0
S318,1
S319,0
S320,0
S321,1
S322,0
S323,0
S324,0
S325,0
S326,1
S327,0
S328,0
S329,1
S330,0
S331,0
S332,0
S333,0
S334,0
S335,0
S336,0
S337,0
S338,0
S339,0
S340,0
S341,0
S342,1
S343,1
S344,0
S345,1
S346,0
S347,1
S348,0
S349,0
S350,0
S351,0
S352,1
S353,1
S354,0
S355,0
S356,0
S357,0
S358,0
S359,1
S360,0
S361,1
S362,0
S363,0
S364,0
S365,0
S366,0
S367,1
S368,0
S369,0
S370,0
S371,1
S372,1
S373,0
S374,0
S375,0
S376,1
S377,1
S378,0
S379,0
S380,0
S381,0
S382,1
S383,1
S384,0
S385,0
S386,1
S387,0
S388,0
S389,0
S390,0
S391,0
S392,0
S393,0
S394,0
S395,0
S396,1
S397,0
S398,0
S399,0
S400,0
S401,0
S402,0
S403,0
S404,0
S405,0
S406,0
S407,0
S408,1
S409,0
S410,1
S411,0
S412,0
S413,1
S414,0
S415,0
S416,1
S417,1
S418,0
S419,0
S420,1
S421,0
S422,1
S423,0
S424,0
S425,0
S426,1
S427,1
S428,0
S429,0
S430,0
S431,0
S432,0
S433,0
S434,0
S435,0
S436,0
S437,0
S438,1
S439,0
S440,0
S441,1
S442,0
S443,0
S444,0
S445,0
S446,0
S447,0
S448,0
S449,0
S450,0
S451,1
S452,1
S453,0
S454,0
S455,0
S456,1
S457,0
S458,0
S459,1
S460,1
S461,0
S462,1
S463,0
S464,0
S465,1
S466,0
S467,0
S468,1
S469,0
S470,1
S471,0
S472,0
S473,0
S474,0
S475,0
S476,1
S477,1
S478,0
S479,0
S480,0
S481,0
S482,0
S483,0
S484,0
S485,1
S486,1
S487,0
S488,0
S489,1
S490,0
S491,1
S492,1
S493,0
S494,0
S495,1
S496,0
S497,0
S498,1
S499,1
S500,0
S501,0
S502,0
S503,1
S504,0
S505,0
S506,0
S507,0
S508,1
S509,1
S510,0
S511,0
S512,1
S513,0
S514,0
S515,0
S516,0
S517,0
S518,1
S519,1
S520,0
S521,0
S522,0
S523,0
S524,0
S525,0
S526,0
S527,1
S528,1
S529,0
S530,0
S531,0
S532,0
S533,1
S534,1
S535,0
S536,0
S537,0
S538,0
S539,0
S540,1
S541,0
S542,0
S543,0
S544,0
S545,1
S546,0
S547,0
S548,0
S549,0
S550,1
S551,1
S552,0
S553,0
S554,1
S555,1
S556,0
S557,1
S558,0
S559,1
S560,0
S561,1
S562,0
S563,0
S564,0
S565,0
S566,0
S567,0
S568,0
S569,0
S570,0
S571,1
S572,0
S573,0
S574,1
S575,1
S576,0
S577,0
S578,0
S579,0
S580,0
S581,0
S582,0
S583,0
S584,0
S585,0
S586,0
S587,0
S588,0
S589,0
S590,0
S591,0
S592,0
S593,1
S594,0
S595,1
S596,0
S597,1
S598,0
S599,0
S600,0
S601,0
S602,0
S603,1
S604,0
S605,0
S606,0
S607,0
S608,0
S609,0
S610,0
S611,0
S612,0
S613,1
S614,0
S615,0
S616,0
S617,0
S618,0
S619,0
S620,0
S621,1
S622,0
S623,1
S624,0
S625,0
S626,1
S627,0
S628,1
S629,0
S630,0
S631,0
S632,0
S633,0
S634,0
S635,1
S636,0
S637,0
S638,0
S639,1
S640,0
S641,1
S642,1
S643,0
S644,1
S645,1
S646,0
S647,1
S648,0
S649,0
S650,0
S651,0
S652,0
S653,1
S654,1
S655,0
S656,1
S657,0
S658,0
S659,0
S660,0
S661,0
S662,0
S663,0
S664,0
S665,0
S666,0
S667,0
S668,0
S669,1
S670,0
S671,0
S672,0
S673,0
S674,0
S675,0
S676,1
S677,0
S678,1
S679,0
S680,0
S681,0
S682,0
S683,0
S684,0
S685,1
S686,0
S687,0
S688,0
S689,0
S690,0
S691,0
S692,0
S693,0
S694,0
S695,1
S696,1
S697,0
S698,1
S699,0
S700,0
S701,1
S702,1
S703,0
S704,0
S705,1
S706,0
S707,0
S708,0
S709,0
S710,0
S711,1
S712,0
S713,1
S714,1
S715,1
S716,0
S717,1
S718,0
S719,1
S720,0
S721,1
S722,0
S723,1
S724,0
S725,1
S726,0
S727,0
S728,1
S729,1
S730,0
S731,1
S732,0
S733,1
S734,0
S735,1
S736,0
S737,0
S738,0
S739,0
S740,0
S741,1
S742,0
S743,0
S744,0
S745,1
S746,0
S747,1
S748,0
S749,1
S750,0
S751,0
S752,0
S753,0
S754,0
S755,0
S756,0
S757,0
S758,1
S759,0
S760,0
S761,0
S762,1
S763,1
S764,1
S765,0
S766,1
S767,0
S768,0
S769,0
S770,0
S771,1
S772,0
S773,0
S774,1
S775,0
S776,0
S777,0
S778,0
S779,0
S780,1
S781,0
S782,0
S783,0
S784,1
S785,0
S786,0
S787,0
S788,0
S789,1
S790,0
S791,0
S792,0
S793,1
S794,1
S795,0
S796,1
S797,0
S798,0
S799,1
S800,0
S801,0
S802,1
S803,0
S804,0
S805,1
S806,1
S807,0
S808,0
S809,1
S810,0
S811,1
S812,1
S813,0
S814,1
S815,0
S816,0
S817,0
S818,0
S819,0
S820,1
S821,0
S822,0
S823,0
S824,0
S825,0
S826,0
S827,1
S828,0
S829,0
S830,0
S831,0
S832,0
S833,0
S834,1
S835,0
S836,1
S837,0
S838,0
S839,0
S840,0
S841,0
S842,0
S843,1
S844,1
S845,1
S846,0
S847,0
S848,0
S849,0
S850,0
S851,1
S852,1
S853,1
S854,1
S855,1
S856,0
S857,1
S858,0
S859,0
S860,0
S861,1
S862,0
S863,0
S864,1
S865,0
S866,0
S867,0
S868,0
S869,0
S870,0
S871,0
S872,0
S873,0
S874,0
S875,1
S876,0
S877,0
S878,1
S879,1
S880,1
S881,0
S882,0
S883,0
S884,0
S885,1
S886,0
S887,0
S888,0
S889,0
S890,0
S891,1
S892,1
S893,0
S894,0
S895,0
S896,1
S897,1
S898,0
S899,0
S900,0
S901,0
S902,0
S903,0
S904,1
S905,0
S906,1
S907,1
S908,0
S909,1
S910,0
S911,0
S912,0
S913,1
S914,1
S915,1
S916,0
S917,0
S918,0
S919,0
S920,0
S921,0
S922,0
S923,1
S924,0
S925,0
S926,0
S927,0
S928,1
S929,0
S930,1
S931,1
S932,1
S933,0
S934,0
S935,0
S936,0
S937,1
S938,1
S939,1
S940,0
S941,0
S942,0
S943,0
S944,0
S945,1
S946,0
S947,0
S948,0
S949,1
S950,0
S951,1
S952,1
S953,0
S954,0
S955,0
S956,0
S957,0
S958,0
S959,0
S960,1
S961,1
S962,1
S963,0
S964,0
S965,0
S966,0
S967,0
S968,1
S969,1
S970,0
S971,1
S972,1
S973,0
S974,0
S975,1
S976,1
S977,0
S978,0
S979,1
S980,1
S981,0
S982,0
S983,0
S984,1
S985,1
S986,0
S987,0
S988,1
S989,0
S990,0
S991,1
S992,1
S993,1
S994,0
S995,0
S996,1
S997,0
S998,1
S999,0
S1000,0
S1001,1
S1002,0
S1003,0
S1004,1
S1005,0
S1006,1
S1007,1
S1008,1
S1009,0
S1010,1
S1011,1
S1012,0
S1013,0
S1014,1
S1015,1
S1016,1
S1017,0
S1018,0
S1019,1
S1020,0
S1021,0
S1022,0
S1023,1
S1024,1
S1025,1
S1026,1
S1027,0
S1028,1
S1029,0
S1030,1
S1031,0
S1032,1
S1033,0
S1034,1
S1035,0
S1036,0
S1037,1
S1038,0
S1039,0
S1040,0
S1041,0
S1042,0
S1043,0
S1044,0
S1045,1
S1046,0
S1047,0
S1048,0
S1049,0
S1050,0
S1051,1
S1052,0
S1053,0
S1054,0
S1055,1
S1056,0
S1057,0
S1058,0
S1059,0
S1060,0
S1061,0
S1062,0
S1063,1
S1064,0
S1065,1
S1066,1
S1067,0
S1068,0
S1069,0
S1070,0
S1071,0
S1072,0
S1073,1
S1074,0
S1075,0
S1076,0
S1077,1
S1078,1
S1079,0
S1080,0
S1081,0
S1082,1
S1083,1
S1084,1
S1085,0
S1086,0
S1087,1
S1088,0
S1089,0
S1090,1
S1091,0
S1092,0
S1093,1
S1094,0
S1095,1
S1096,1
S1097,0
S1098,0
S1099,0
S1100,0
S1101,0
S1102,0
S1103,0
S1104,0
S1105,1
S1106,0
S1107,1
S1108,1
S1109,0
S1110,1
S1111,0
S1112,1
S1113,1
S1114,0
S1115,0
S1116,1
S1117,0
S1118,0
S1119,1
S1120,0
S1121,0
S1122,0
S1123,1
S1124,1
S1125,0
S1126,0
S1127,0
S1128,0
S1129,0
S1130,0
S1131,0
S1132,0
S1133,0
S1134,0
S1135,0
S1136,1
S1137,0
S1138,0
S1139,0
S1140,0
S1141,1
S1142,0
S1143,1
S1144,0
S1145,1
S1146,0
S1147,0
S1148,1
S1149,0
S1150,1
S1151,0
S1152,1
S1153,0
S1154,1
S1155,1
S1156,0
S1157,1
S1158,1
S1159,0
S1160,0
S1161,0
S1162,0
S1163,0
S1164,1
S1165,0
S1166,0
S1167,0
S1168,0
S1169,0
S1170,1
S1171,0
S1172,0
S1173,0
S1174,1
S1175,0
S1176,0
S1177,1
S1178,0
S1179,0
S1180,0
S1181,0
S1182,0
S1183,0
S1184,0
S1185,0
S1186,0
S1187,1
S1188,1
S1189,0
S1190,0
S1191,0
S1192,0
S1193,0
S1194,1
S1195,0
S1196,0
S1197,0
S1198,0
S1199,0
S1200,0
S1201,0
S1202,1
S1203,0
S1204,0
S1205,0
S1206,0
S1207,0
S1208,1
S1209,0
S1210,0
S1211,0
S1212,0
S1213,0
S1214,0
S1215,1
S1216,0
S1217,0
S1218,0
S1219,0
S1220,0
S1221,0
S1222,0
S1223,0
S1224,0
S1225,0
S1226,1
S1227,1
S1228,1
S1229,1
S1230,0
S1231,0
S1232,0
S1233,0
S1234,0
S1235,0
S1236,0
S1237,0
S1238,0
S1239,0
S1240,0
S1241,0
S1242,0
S1243,0
S1244,0
S1245,1
S1246,0
S1247,1
S1248,0
S1249,1
S1250,0
S1251,1
S1252,0
S1253,0
S1254,0
S1255,1
S1256,0
S1257,0
S1258,1
S1259,0
S1260,0
S1261,0
S1262,1
S1263,0
S1264,0
S1265,0
S1266,0
S1267,0
S1268,0
S1269,0
S1270,1
S1271,1
S1272,0
S1273,1
S1274,0
S1275,1
S1276,0
S1277,0
S1278,0
S1279,0
S1280,0
S1281,0
S1282,0
S1283,0
S1284,0
S1285,0
S1286,0
S1287,1
S1288,0
S1289,0
S1290,0
S1291,0
S1292,1
S1293,0
S1294,0
S1295,0
S1296,0
S1297,0
S1298,1
S1299,1
S1300,0
S1301,0
S1302,0
S1303,1
S1304,0
S1305,0
S1306,0
S1307,0
S1308,0
S1309,0
S1310,0
S1311,1
S1312,1
S1313,1
S1314,1
S1315,0
S1316,0
S1317,0
S1318,1
S1319,1
S1320,0
S1321,0
S1322,1
S1323,1
S1324,0
S1325,0
S1326,0
S1327,0
S1328,0
S1329,1
S1330,1
S1331,0
S1332,1
S1333,0
S1334,1
S1335,0
S1336,0
S1337,0
S1338,0
S1339,0
S1340,0
S1341,0
S1342,0
S1343,0
S1344,0
S1345,1
S1346,0
S1347,0
S1348,0
S1349,1
S1350,0
S1351,1
S1352,0
S1353,0
S1354,0
S1355,1
S1356,0
S1357,1
S1358,1
S1359,0
S1360,0
S1361,0
S1362,0
S1363,1
S1364,0
S1365,1
S1366,0
S1367,0
S1368,0
S1369,0
S1370,0
S1371,0
S1372,0
S1373,0
S1374,0
S1375,0
S1376,0
S1377,1
S1378,0
S1379,1
S1380,0
S1381,0
S1382,0
S1383,1
S1384,1
S1385,0
S1386,0
S1387,0
S1388,0
S1389,0
S1390,1
S1391,0
S1392,1
S1393,0
S1394,1
S1395,1
S1396,1
S1397,0
S1398,0
S1399,0
S1400,0
S1401,1
S1402,1
S1403,0
S1404,1
S1405,0
S1406,0
S1407,1
S1408,0
S1409,0
S1410,0
S1411,1
S1412,0
S1413,1
S1414,1
S1415,0
S1416,1
S1417,0
S1418,0
S1419,0
S1420,1
S1421,0
S1422,1
S1423,1
S1424,0
S1425,0
S1426,0
S1427,1
S1428,1
S1429,0
S1430,1
S1431,1
S1432,0
S1433,1
S1434,1
S1435,0
S1436,1
S1437,1
S1438,0
S1439,1
S1440,0
S1441,0
S1442,0
S1443,0
S1444,0
S1445,0
S1446,0
S1447,0
S1448,0
S1449,0
S1450,0
S1451,0
S1452,0
S1453,0
S1454,1
S1455,0
S1456,1
S1457,0
S1458,0
S1459,1
S1460,0
S1461,0
S1462,0
S1463,0
S1464,0
S1465,0
S1466,0
S1467,0
S1468,1
S1469,0
S1470,0
S1471,0
S1472,1
S1473,1
S1474,0
S1475,0
S1476,0
S1477,1
S1478,0
S1479,0
S1480,0
S1481,1
S1482,0
S1483,0
S1484,0
S1485,0
S1486,0
S1487,0
S1488,0
S1489,0
S1490,0
S1491,0
S1492,1
S1493,0
S1494,1
S1495,0
S1496,1
S1497,1
S1498,1
S1499,0
S1500,1
S1501,0
S1502,1
S1503,0
S1504,0
S1505,1
S1506,0
S1507,0
S1508,0
S1509,0
S1510,0
S1511,0
S1512,0
S1513,0
S1514,1
S1515,1
S1516,1
S1517,0
S1518,1
S1519,0
S1520,0
S1521,1
S1522,0
S1523,0
S1524,0
S1525,0
S1526,0
S1527,0
S1528,0
S1529,0
S1530,0
S1531,1
S1532,0
S1533,1
S1534,0
S1535,0
S1536,0
S1537,0
S1538,1
S1539,1
S1540,0
S1541,0
S1542,0
S1543,0
S1544,0
S1545,0
S1546,0
S1547,1
S1548,0
S1549,0
S1550,0
S1551,1
S1552,1
S1553,0
S1554,0
S1555,1
S1556,0
S1557,0
S1558,0
S1559,0
S1560,0
S1561,0
S1562,0
S1563,0
S1564,0
S1565,0
S1566,0
S1567,0
S1568,0
S1569,1
S1570,0
S1571,0
S1572,0
S1573,0
S1574,0
S1575,0
S1576,0
S1577,0
S1578,0
S1579,0
S1580,0
S1581,0
S1582,0
S1583,0
S1584,0
S1585,0
S1586,0
S1587,0
S1588,0
S1589,0
S1590,0
S1591,0
S1592,0
S1593,0
S1594,1
S1595,0
S1596,0
S1597,0
S1598,0
S1599,0
S1600,0
S1601,1
S1602,0
S1603,1
S1604,1
S1605,0
S1606,1
S1607,1
S1608,1
S1609,0
S1610,1
S1611,0
S1612,1
S1613,1
S1614,1
S1615,1
S1616,0
S1617,0
S1618,0
S1619,1
S1620,0
S1621,0
S1622,1
S1623,0
S1624,1
S1625,0
S1626,1
S1627,0
S1628,0
S1629,1
S1630,0
S1631,0
S1632,0
S1633,0
S1634,0
S1635,0
S1636,0
S1637,0
S1638,0
S1639,0
S1640,0
S1641,0
S1642,0
S1643,0
S1644,0
S1645,0
S1646,0
S1647,0
S1648,0
S1649,0
S1650,0
S1651,0
S1652,0
S1653,0
S1654,0
S1655,0
S1656,1
S1657,1
S1658,0
S1659,0
S1660,0
S1661,0
S1662,1
S1663,0
S1664,1
S1665,1
S1666,1
S1667,1
S1668,1
S1669,0
S1670,0
S1671,1
S1672,0
S1673,0
S1674,0
S1675,0
S1676,0
S1677,0
S1678,1
S1679,0
S1680,0
S1681,1
S1682,0
S1683,0
S1684,0
S1685,0
S1686,0
S1687,1
S1688,0
S1689,0
S1690,0
S1691,0
S1692,0
S1693,1
S1694,0
S1695,0
S1696,0
S1697,0
S1698,1
S1699,0
S1700,1
S1701,0
S1702,1
S1703,0
S1704,0
S1705,1
S1706,0
S1707,0
S1708,0
S1709,1
S1710,0
S1711,0
S1712,0
S1713,1
S1714,0
S1715,0
S1716,0
S1717,0
S1718,0
S1719,0
S1720,0
S1721,0
S1722,0
S1723,1
S1724,0
S1725,0
S1726,1
S1727,0
S1728,0
S1729,1
S1730,1
S1731,0
S1732,1
S1733,1
S1734,0
S1735,0
S1736,0
S1737,0
S1738,0
S1739,1
S1740,1
S1741,1
S1742,0
S1743,0
S1744,1
S1745,0
S1746,0
S1747,0
S1748,0
S1749,1
S1750,0
S1751,0
S1752,1
S1753,1
S1754,0
S1755,0
S1756,1
S1757,0
S1758,0
S1759,0
S1760,0
S1761,0
S1762,1
S1763,0
S1764,1
S1765,1
S1766,0
S1767,0
S1768,1
S1769,0
S1770,0
S1771,0
S1772,0
S1773,0
S1774,1
S1775,1
S1776,0
S1777,0
S1778,1
S1779,0
S1780,0
S1781,1
S1782,0
S1783,1
S1784,0
S1785,0
S1786,1
S1787,0
S1788,1
S1789,0
S1790,0
S1791,0
S1792,0
S1793,0
S1794,0
S1795,0
S1796,0
S1797,1
S1798,0
S1799,0
S1800,0
S1801,1
S1802,0
S1803,0
S1804,1
S1805,0
S1806,0
S1807,1
S1808,0
S1809,0
S1810,0
S1811,0
S1812,0
S1813,0
S1814,0
S1815,0
S1816,1
S1817,1
S1818,0
S1819,0
S1820,0
S1821,0
S1822,1
S1823,0
S1824,0
S1825,1
S1826,0
S1827,0
S1828,0
S1829,0
S1830,0
S1831,0
S1832,0
S1833,0
S1834,0
S1835,1
S1836,1
S1837,0
S1838,1
S1839,0
S1840,0
S1841,0
S1842,0
S1843,0
S1844,0
S1845,0
S1846,0
S1847,1
S1848,1
S1849,0
S1850,0
S1851,0
S1852,0
S1853,1
S1854,1
S1855,0
S1856,0
S1857,1
S1858,0
S1859,0
S1860,1
S1861,0
S1862,0
S1863,0
S1864,1
S1865,0
S1866,0
S1867,0
S1868,1
S1869,1
S1870,1
S1871,0
S1872,1
S1873,0
S1874,0
S1875,0
S1876,1
S1877,0
S1878,1
S1879,0
S1880,0
S1881,0
S1882,0
S1883,0
S1884,0
S1885,0
S1886,0
S1887,1
S1888,1
S1889,0
S1890,0
S1891,0
S1892,0
S1893,0
S1894,0
S1895,0
S1896,1
S1897,0
S1898,1
S1899,0
S1900,1
S1901,0
S1902,0
S1903,1
S1904,0
S1905,1
S1906,0
S1907,1
S1908,0
S1909,0
S1910,1
S1911,1
S1912,1
S1913,0
S1914,1
S1915,0
S1916,1
S1917,1
S1918,0
S1919,0
S1920,0
S1921,0
S1922,1
S1923,0
S1924,1
S1925,0
S1926,0
S1927,1
S1928,0
S1929,0
S1930,0
S1931,0
S1932,0
S1933,0
S1934,1
S1935,0
S1936,0
S1937,1
S1938,1
S1939,1
S1940,0
S1941,0
S1942,0
S1943,1
S1944,0
S1945,0
S1946,0
S1947,1
S1948,0
S1949,1
S1950,0
S1951,0
S1952,1
S1953,0
S1954,0
S1955,0
S1956,0
S1957,0
S1958,0
S1959,0
S1960,1
S1961,1
S1962,1
S1963,1
S1964,1
S1965,0
S1966,0
S1967,0
S1968,0
S1969,1
S1970,1
S1971,0
S1972,0
S1973,1
S1974,0
S1975,1
S1976,1
S1977,0
S1978,0
S1979,0
S1980,1
S1981,1
S1982,0
S1983,0
S1984,0
S1985,0
S1986,0
S1987,1
S1988,0
S1989,0
S1990,1
S1991,0
S1992,1
S1993,0
S1994,0
S1995,0
S1996,1
S1997,0
S1998,0
S1999,1
S2000,0
S2001,0
S2002,0
S2003,0
S2004,1
S2005,0
S2006,1
S2007,0
S2008,0
S2009,0
S2010,0
S2011,0
S2012,0
S2013,0
S2014,1
S2015,0
S2016,1
S2017,0
S2018,0
S2019,0
S2020,0
S2021,1
S2022,0
S2023,0
S2024,1
S2025,0
S2026,0
S2027,0
S2028,0
S2029,0
S2030,0
S2031,0
S2032,0
S2033,1
S2034,0
S2035,0
S2036,0
S2037,0
S2038,0
S2039,1
S2040,1
S2041,1
S2042,0
S2043,1
S2044,0
S2045,1
S2046,0
S2047,0
S2048,0
S2049,0
S2050,0
S2051,1
S2052,0
S2053,1
S2054,0
S2055,0
S2056,1
S2057,0
S2058,1
S2059,0
S2060,1
S2061,0
S2062,0
S2063,0
S2064,0
S2065,0
S2066,0
S2067,1
S2068,0
S2069,0
S2070,1
S2071,0
S2072,1
S2073,0
S2074,0
S2075,0
S2076,0
S2077,0
S2078,0
S2079,1
S2080,0
S2081,0
S2082,0
S2083,0
S2084,0
S2085,0
S2086,0
S2087,1
S2088,1
S2089,0
S2090,0
S2091,1
S2092,0
S2093,1
S2094,0
S2095,0
S2096,0
S2097,1
S2098,1
S2099,0
S2100,0
S2101,1
S2102,0
S2103,0
S2104,0
S2105,0
S2106,0
S2107,0
S2108,0
S2109,0
S2110,0
S2111,0
S2112,0
S2113,0
S2114,0
S2115,0
S2116,0
S2117,0
S2118,0
S2119,0
S2120,1
S2121,1
S2122,1
S2123,0
S2124,0
S2125,0
S2126,0
S2127,0
S2128,0
S2129,0
S2130,1
S2131,0
S2132,1
S2133,1
S2134,0
S2135,1
S2136,0
S2137,1
S2138,0
S2139,0
S2140,1
S2141,0
S2142,0
S2143,0
S2144,0
S2145,1
S2146,0
S2147,0
S2148,0
S2149,0
S2150,0
S2151,0
S2152,0
S2153,1
S2154,0
S2155,0
S2156,1
S2157,0
S2158,0
S2159,1
S2160,1
S2161,1
S2162,0
S2163,1
S2164,0
S2165,0
S2166,1
S2167,0
S2168,0
S2169,0
S2170,1
S2171,1
S2172,0
S2173,0
S2174,1
S2175,0
S2176,0
S2177,0
S2178,0
S2179,0
S2180,1
S2181,0
S2182,0
S2183,0
S2184,0
S2185,0
S2186,1
S2187,1
S2188,0
S2189,0
S2190,0
S2191,1
S2192,0
S2193,1
S2194,0
S2195,0
S2196,1
S2197,0
S2198,1
S2199,0
S2200,1
S2201,1
S2202,0
S2203,0
S2204,0
S2205,0
S2206,0
S2207,0
S2208,1
S2209,0
S2210,1
S2211,0
S2212,0
S2213,1
S2214,1
S2215,0
S2216,1
S2217,0
S2218,1
S2219,0
S2220,1
S2221,0
S2222,0
S2223,0
S2224,0
S2225,1
S2226,0
S2227,1
S2228,0
S2229,0
S2230,1
S2231,0
S2232,1
S2233,0
S2234,0
S2235,0
S2236,0
S2237,0
S2238,0
S2239,1
S2240,0
S2241,1
S2242,0
S2243,0
S2244,0
S2245,0
S2246,1
S2247,1
S2248,1
S2249,1
S2250,0
S2251,0
S2252,0
S2253,0
S2254,0
S2255,1
S2256,1
S2257,0
S2258,0
S2259,0
S2260,1
S2261,0
S2262,0
S2263,1
S2264,0
S2265,0
S2266,1
S2267,0
S2268,0
S2269,0
S2270,0
S2271,0
S2272,0
S2273,0
S2274,0
S2275,0
S2276,0
S2277,0
S2278,1
S2279,1
S2280,0
S2281,1
S2282,0
S2283,1
S2284,0
S2285,0
S2286,0
S2287,0
S2288,0
S2289,1
S2290,1
S2291,1
S2292,0
S2293,1
S2294,0
S2295,0
S2296,0
S2297,0
S2298,1
S2299,0
S2300,0
S2301,1
S2302,1
S2303,0
S2304,0
S2305,0
S2306,0
S2307,0
S2308,1
S2309,1
S2310,0
S2311,0
S2312,1
S2313,0
S2314,0
S2315,1
S2316,1
S2317,1
S2318,0
S2319,0
S2320,0
S2321,0
S2322,1
S2323,0
S2324,0
S2325,0
S2326,0
S2327,0
S2328,0
S2329,0
S2330,0
S2331,0
S2332,1
S2333,0
S2334,0
S2335,0
S2336,0
S2337,0
S2338,1
S2339,0
S2340,1
S2341,1
S2342,0
S2343,1
S2344,0
S2345,1
S2346,0
S2347,0
S2348,1
S2349,1
S2350,0
S2351,0
S2352,0
S2353,0
S2354,0
S2355,0
S2356,0
S2357,1
S2358,1
S2359,0
S2360,0
S2361,1
S2362,0
S2363,0
S2364,0
S2365,0
S2366,0
S2367,1
S2368,0
S2369,0
S2370,0
S2371,1
S2372,0
S2373,1
S2374,0
S2375,0
S2376,1
S2377,0
S2378,1
S2379,1
S2380,0
S2381,0
S2382,0
S2383,0
S2384,0
S2385,0
S2386,0
S2387,0
S2388,0
S2389,1
S2390,0
S2391,0
S2392,1
S2393,0
S2394,1
S2395,0
S2396,0
S2397,1
S2398,0
S2399,0
S2400,0
S2401,0
S2402,1
S2403,0
S2404,0
S2405,0
S2406,1
S2407,1
S2408,0
S2409,1
S2410,0
S2411,0
S2412,0
S2413,0
S2414,0
S2415,0
S2416,1
S2417,0
S2418,0
S2419,0
S2420,1
S2421,0
S2422,0
S2423,1
S2424,1
S2425,0
S2426,0
S2427,0
S2428,0
S2429,0
S2430,0
S2431,0
S2432,0
S2433,0
S2434,0
S2435,0
S2436,0
S2437,0
S2438,0
S2439,0
S2440,0
S2441,0
S2442,1
S2443,0
S2444,0
S2445,0
S2446,1
S2447,1
S2448,0
S2449,0
S2450,0
S2451,0
S2452,1
S2453,0
S2454,0
S2455,1
S2456,0
S2457,0
S2458,0
S2459,1
S2460,0
S2461,0
S2462,1
S2463,1
S2464,0
S2465,0
S2466,0
S2467,0
S2468,1
S2469,0
S2470,0
S2471,1
S2472,0
S2473,1
S2474,1
S2475,0
S2476,0
S2477,0
S2478,0
S2479,0
S2480,0
S2481,0
S2482,0
S2483,1
S2484,1
S2485,1
S2486,1
S2487,0
S2488,1
S2489,0
S2490,0
S2491,0
S2492,0
S2493,1
S2494,0
S2495,0
S2496,0
S2497,1
S2498,0
S2499,0
S2500,0
S2501,1
S2502,0
S2503,0
S2504,1
S2505,0
S2506,0
S2507,1
S2508,1
S2509,0
S2510,0
S2511,1
S2512,0
S2513,1
S2514,0
S2515,1
S2516,0
S2517,0
S2518,0
S2519,0
S2520,1
S2521,1
S2522,0
S2523,0
S2524,0
S2525,1
S2526,1
S2527,0
S2528,1
S2529,1
S2530,0
S2531,0
S2532,1
S2533,0
S2534,0
S2535,0
S2536,0
S2537,0
S2538,0
S2539,1
S2540,0
S2541,0
S2542,0
S2543,0
S2544,0
S2545,1
S2546,0
S2547,0
S2548,0
S2549,1
S2550,1
S2551,1
S2552,0
S2553,0
S2554,0
S2555,0
S2556,0
S2557,1
S2558,0
S2559,0
S2560,0
S2561,1
S2562,0
S2563,0
S2564,0
S2565,1
S2566,0
S2567,1
S2568,0
S2569,0
S2570,0
S2571,0
S2572,0
S2573,0
S2574,0
S2575,0
S2576,0
S2577,1
S2578,0
S2579,0
S2580,1
S2581,0
S2582,0
S2583,0
S2584,0
S2585,0
S2586,1
S2587,0
S2588,1
S2589,0
S2590,0
S2591,0
S2592,0
S2593,1
S2594,1
S2595,0
S2596,0
S2597,0
S2598,0
S2599,1
S2600,0
S2601,0
S2602,1
S2603,0
S2604,1
S2605,0
S2606,0
S2607,0
S2608,1
S2609,1
S2610,0
S2611,0
S2612,1
S2613,0
S2614,0
S2615,0
S2616,1
S2617,0
S2618,0
S2619,0
S2620,0
S2621,0
S2622,0
S2623,1
S2624,1
S2625,1
S2626,1
S2627,1
S2628,1
S2629,1
S2630,0
S2631,0
S2632,0
S2633,0
S2634,1
S2635,1
S2636,0
S2637,1
S2638,0
S2639,0
S2640,0
S2641,0
S2642,0
S2643,1
S2644,0
S2645,0
S2646,0
S2647,0
S2648,0
S2649,0
S2650,0
S2651,1
S2652,0
S2653,1
S2654,0
S2655,0
S2656,0
S2657,1
S2658,0
S2659,0
S2660,0
S2661,0
S2662,0
S2663,0
S2664,0
S2665,0
S2666,0
S2667,0
S2668,1
S2669,0
S2670,0
S2671,1
S2672,0
S2673,1
S2674,0
S2675,0
S2676,0
S2677,0
S2678,0
S2679,1
S2680,0
S2681,0
S2682,0
S2683,0
S2684,0
S2685,0
S2686,0
S2687,0
S2688,1
S2689,0
S2690,0
S2691,1
S2692,0
S2693,0
S2694,0
S2695,0
S2696,0
S2697,1
S2698,0
S2699,0
S2700,0
S2701,0
S2702,0
S2703,1
S2704,0
S2705,0
S2706,0
S2707,0
S2708,0
S2709,1
S2710,0
S2711,0
S2712,1
S2713,1
S2714,1
S2715,0
S2716,0
S2717,0
S2718,1
S2719,0
S2720,0
S2721,0
S2722,0
S2723,0
S2724,1
S2725,1
S2726,1
S2727,0
S2728,0
S2729,0
S2730,0
S2731,1
S2732,0
S2733,0
S2734,0
S2735,0
S2736,1
S2737,0
S2738,0
S2739,0
S2740,0
S2741,1
S2742,0
S2743,0
S2744,1
S2745,0
S2746,0
S2747,1
S2748,0
S2749,1
S2750,0
S2751,0
S2752,0
S2753,0
S2754,0
S2755,1
S2756,0
S2757,1
S2758,1
S2759,1
S2760,0
S2761,1
S2762,0
S2763,0
S2764,0
S2765,1
S2766,0
S2767,1
S2768,0
S2769,1
S2770,0
S2771,1
S2772,0
S2773,0
S2774,0
S2775,0
S2776,0
S2777,0
S2778,0
S2779,0
S2780,0
S2781,1
S2782,0
S2783,0
S2784,0
S2785,1
S2786,0
S2787,0
S2788,0
S2789,1
S2790,1
S2791,1
S2792,0
S2793,0
S2794,0
S2795,0
S2796,0
S2797,0
S2798,0
S2799,0
S2800,0
S2801,1
S2802,1
S2803,1
S2804,0
S2805,0
S2806,0
S2807,1
S2808,0
S2809,1
S2810,0
S2811,0
S2812,1
S2813,0
S2814,1
S2815,0
S2816,1
S2817,0
S2818,1
S2819,1
S2820,1
S2821,1
S2822,0
S2823,0
S2824,0
S2825,0
S2826,0
S2827,0
S2828,1
S2829,1
S2830,0
S2831,1
S2832,1
S2833,0
S2834,1
S2835,0
S2836,0
S2837,0
S2838,0
S2839,0
S2840,0
S2841,1
S2842,0
S2843,0
S2844,0
S2845,0
S2846,0
S2847,0
S2848,1
S2849,0
S2850,1
S2851,1
S2852,1
S2853,1
S2854,1
S2855,0
S2856,0
S2857,0
S2858,0
S2859,0
S2860,0
S2861,0
S2862,0
S2863,0
S2864,0
S2865,0
S2866,0
S2867,0
S2868,0
S2869,0
S2870,0
S2871,1
S2872,0
S2873,0
S2874,0
S2875,1
S2876,0
S2877,0
S2878,1
S2879,0
S2880,0
S2881,0
S2882,0
S2883,0
S2884,1
S2885,0
S2886,0
S2887,0
S2888,0
S2889,1
S2890,0
S2891,0
S2892,1
S2893,0
S2894,0
S2895,0
S2896,0
S2897,0
S2898,0
S2899,0
S2900,1
S2901,0
S2902,1
S2903,0
S2904,0
S2905,0
S2906,0
S2907,0
S2908,0
S2909,0
S2910,0
S2911,0
S2912,0
S2913,1
S2914,0
S2915,0
S2916,0
S2917,0
S2918,0
S2919,0
S2920,1
S2921,0
S2922,0
S2923,0
S2924,0
S2925,0
S2926,0
S2927,0
S2928,0
S2929,0
S2930,1
S2931,1
S2932,0
S2933,0
S2934,0
S2935,0
S2936,0
S2937,1
S2938,0
S2939,0
S2940,0
S2941,1
S2942,0
S2943,0
S2944,0
S2945,0
S2946,1
S2947,1
S2948,0
S2949,0
S2950,0
S2951,1
S2952,0
S2953,0
S2954,1
S2955,0
S2956,0
S2957,0
S2958,0
S2959,0
S2960,0
S2961,0
S2962,1
S2963,0
S2964,0
S2965,1
S2966,1
S2967,0
S2968,0
S2969,0
S2970,0
S2971,0
S2972,1
S2973,0
S2974,0
S2975,0
S2976,1
S2977,1
S2978,0
S2979,0
S2980,0
S2981,1
S2982,0
S2983,0
S2984,1
S2985,0
S2986,1
S2987,0
S2988,1
S2989,0
S2990,0
S2991,0
S2992,0
S2993,1
S2994,0
S2995,0
S2996,0
S2997,1
S2998,0
S2999,1
S3000,1
S3001,1
S3002,1
S3003,1
S3004,1
S3005,0
S3006,0
S3007,0
S3008,0
S3009,0
S3010,1
S3011,0
S3012,1
S3013,0
S3014,0
S3015,0
S3016,1
S3017,1
S3018,1
S3019,1
S3020,0
S3021,1
S3022,0
S3023,1
S3024,0
S3025,0
S3026,1
S3027,0
S3028,1
S3029,1
S3030,1
S3031,0
S3032,1
S3033,0
S3034,0
S3035,0
S3036,0
S3037,0
S3038,0
S3039,1
S3040,0
S3041,0
S3042,0
S3043,0
S3044,1
S3045,0
S3046,0
S3047,0
S3048,0
S3049,1
S3050,0
S3051,0
S3052,1
S3053,0
S3054,1
S3055,0
S3056,0
S3057,1
S3058,0
S3059,0
S3060,1
S3061,0
S3062,0
S3063,0
S3064,0
S3065,0
S3066,1
S3067,1
S3068,0
S3069,1
S3070,0
S3071,0
S3072,0
S3073,0
S3074,1
S3075,0
S3076,0
S3077,0
S3078,1
S3079,0
S3080,0
S3081,0
S3082,0
S3083,0
S3084,1
S3085,0
S3086,0
S3087,0
S3088,0
S3089,0
S3090,1
S3091,1
S3092,1
S3093,0
S3094,0
S3095,0
S3096,1
S3097,0
S3098,0
S3099,0
S3100,0
S3101,0
S3102,0
S3103,0
S3104,0
S3105,0
S3106,0
S3107,1
S3108,0
S3109,0
S3110,0
S3111,0
S3112,1
S3113,1
S3114,0
S3115,0
S3116,0
S3117,0
S3118,1
S3119,0
S3120,0
S3121,0
S3122,0
S3123,0
S3124,0
S3125,1
S3126,0
S3127,0
S3128,0
S3129,1
S3130,0
S3131,0
S3132,1
S3133,0
S3134,0
S3135,0
S3136,0
S3137,0
S3138,0
S3139,0
S3140,0
S3141,0
S3142,0
S3143,0
S3144,0
S3145,1
S3146,1
S3147,0
S3148,1
S3149,0
S3150,1
S3151,0
S3152,0
S3153,0
S3154,1
S3155,1
S3156,0
S3157,0
S3158,1
S3159,0
S3160,1
S3161,0
S3162,0
S3163,1
S3164,0
S3165,0
S3166,0
S3167,1
S3168,0
S3169,0
S3170,1
S3171,0
S3172,0
S3173,1
S3174,0
S3175,0
S3176,0
S3177,0
S3178,0
S3179,0
S3180,0
S3181,1
S3182,1
S3183,0
S3184,0
S3185,0
S3186,0
S3187,0
S3188,0
S3189,1
S3190,1
S3191,0
S3192,0
S3193,0
S3194,0
S3195,0
S3196,1
S3197,0
S3198,1
S3199,0
S3200,0
S3201,1
S3202,0
S3203,0
S3204,0
S3205,0
S3206,0
S3207,0
S3208,0
S3209,0
S3210,1
S3211,0
S3212,0
S3213,1
S3214,0
S3215,0
S3216,1
S3217,1
S3218,0
S3219,0
S3220,1
S3221,0
S3222,0
S3223,0
S3224,1
S3225,0
S3226,1
S3227,1
S3228,1
S3229,0
S3230,0
S3231,0
S3232,0
S3233,1
S3234,1
S3235,0
S3236,0
S3237,0
S3238,0
S3239,1
S3240,0
S3241,1
S3242,0
S3243,1
S3244,1
S3245,1
S3246,1
S3247,0
S3248,0
S3249,0
S3250,1
S3251,0
S3252,0
S3253,1
S3254,0
S3255,1
S3256,0
S3257,1
S3258,0
S3259,0
S3260,1
S3261,0
S3262,0
S3263,0
S3264,0
S3265,0
S3266,0
S3267,1
S3268,0
S3269,0
S3270,1
S3271,1
S3272,0
S3273,0
S3274,0
S3275,1
S3276,0
S3277,1
S3278,0
S3279,0
S3280,1
S3281,0
S3282,0
S3283,0
S3284,0
S3285,1
S3286,0
S3287,0
S3288,0
S3289,1
S3290,1
S3291,0
S3292,0
S3293,0
S3294,0
S3295,0
S3296,1
S3297,1
S3298,1
S3299,0
S3300,0
S3301,0
S3302,0
S3303,0
S3304,0
S3305,1
S3306,0
S3307,0
S3308,0
S3309,0
S3310,0
S3311,1
S3312,1
S3313,0
S3314,0
S3315,0
S3316,0
S3317,1
S3318,0
S3319,0
S3320,0
S3321,0
S3322,0
S3323,1
S3324,0
S3325,0
S3326,0
S3327,1
S3328,0
S3329,0
S3330,0
S3331,0
S3332,1
S3333,0
S3334,0
S3335,0
S3336,1
S3337,1
S3338,1
S3339,1
S3340,0
S3341,0
S3342,0
S3343,0
S3344,0
S3345,0
S3346,0
S3347,0
S3348,1
S3349,1
S3350,0
S3351,0
S3352,1
S3353,1
S3354,0
S3355,0
S3356,0
S3357,0
S3358,0
S3359,0
S3360,0
S3361,0
S3362,0
S3363,1
S3364,0
S3365,0
S3366,0
S3367,0
S3368,0
S3369,0
S3370,0
S3371,0
S3372,0
S3373,0
S3374,0
S3375,0
S3376,0
S3377,0
S3378,0
S3379,1
S3380,0
S3381,0
S3382,0
S3383,0
S3384,0
S3385,1
S3386,0
S3387,0
S3388,0
S3389,1
S3390,1
S3391,1
S3392,0
S3393,0
S3394,0
S3395,1
S3396,0
S3397,0
S3398,0
S3399,0
S3400,0
S3401,0
S3402,0
S3403,0
S3404,1
S3405,0
S3406,1
S3407,1
S3408,0
S3409,1
S3410,0
S3411,0
S3412,0
S3413,0
S3414,1
S3415,1
S3416,1
S3417,1
S3418,1
S3419,0
S3420,1
S3421,0
S3422,0
S3423,1
S3424,0
S3425,0
S3426,1
S3427,0
S3428,0
S3429,0
S3430,1
S3431,1
S3432,0
S3433,0
S3434,0
S3435,0
S3436,1
S3437,0
S3438,0
S3439,0
S3440,0
S3441,0
S3442,1
S3443,0
S3444,0
S3445,0
S3446,1
S3447,0
S3448,0
S3449,0
S3450,0
S3451,1
S3452,1
S3453,1
S3454,1
S3455,0
S3456,1
S3457,0
S3458,0
S3459,0
S3460,0
S3461,1
S3462,1
S3463,1
S3464,0
S3465,0
S3466,0
S3467,0
S3468,1
S3469,0
S3470,1
S3471,1
S3472,0
S3473,0
S3474,0
S3475,1
S3476,0
S3477,0
S3478,0
S3479,1
S3480,0
S3481,1
S3482,1
S3483,0
S3484,1
S3485,0
S3486,0
S3487,0
S3488,0
S3489,1
S3490,1
S3491,0
S3492,1
S3493,1
S3494,0
S3495,0
S3496,0
S3497,1
S3498,0
S3499,1
S3500,0
S3501,0
S3502,0
S3503,1
S3504,0
S3505,0
S3506,0
S3507,1
S3508,0
S3509,1
S3510,0
S3511,0
S3512,1
S3513,1
S3514,0
S3515,1
S3516,0
S3517,0
S3518,0
S3519,0
S3520,0
S3521,1
S3522,0
S3523,0
S3524,1
S3525,1
S3526,1
S3527,0
S3528,1
S3529,0
S3530,0
S3531,1
S3532,0
S3533,0
S3534,0
S3535,0
S3536,1
S3537,0
S3538,0
S3539,0
S3540,0
S3541,0
S3542,0
S3543,0
S3544,0
S3545,0
S3546,1
S3547,0
S3548,0
S3549,0
S3550,0
S3551,0
S3552,0
S3553,1
S3554,0
S3555,0
S3556,0
S3557,0
S3558,1
S3559,0
S3560,1
S3561,0
S3562,1
S3563,1
S3564,0
S3565,0
S3566,0
S3567,1
S3568,0
S3569,0
S3570,1
S3571,1
S3572,0
S3573,0
S3574,0
S3575,1
S3576,1
S3577,0
S3578,0
S3579,1
S3580,1
S3581,0
S3582,0
S3583,0
S3584,0
S3585,0
S3586,0
S3587,1
S3588,0
S3589,0
S3590,0
S3591,0
S3592,1
S3593,0
S3594,0
S3595,1
S3596,0
S3597,1
S3598,1
S3599,0
S3600,1
S3601,0
S3602,1
S3603,0
S3604,0
S3605,1
S3606,1
S3607,0
S3608,0
S3609,0
S3610,0
S3611,0
S3612,0
S3613,1
S3614,0
S3615,0
S3616,0
S3617,0
S3618,0
S3619,1
S3620,0
S3621,0
S3622,1
S3623,0
S3624,1
S3625,0
S3626,1
S3627,0
S3628,0
S3629,0
S3630,1
S3631,1
S3632,0
S3633,0
S3634,1
S3635,1
S3636,0
S3637,0
S3638,0
S3639,1
S3640,0
S3641,0
S3642,1
S3643,1
S3644,0
S3645,0
S3646,0
S3647,0
S3648,0
S3649,0
S3650,0
S3651,0
S3652,0
S3653,0
S3654,0
S3655,0
S3656,0
S3657,0
S3658,0
S3659,0
S3660,0
S3661,0
S3662,0
S3663,0
S3664,0
S3665,1
S3666,0
S3667,1
S3668,0
S3669,0
S3670,0
S3671,0
S3672,0
S3673,0
S3674,0
S3675,1
S3676,0
S3677,1
S3678,0
S3679,0
S3680,1
S3681,0
S3682,1
S3683,0
S3684,1
S3685,0
S3686,0
S3687,0
S3688,0
S3689,0
S3690,0
S3691,1
S3692,0
S3693,0
S3694,0
S3695,0
S3696,0
S3697,0
S3698,1
S3699,0
S3700,1
S3701,1
S3702,0
S3703,0
S3704,0
S3705,0
S3706,0
S3707,0
S3708,1
S3709,0
S3710,0
S3711,1
S3712,1
S3713,0
S3714,1
S3715,1
S3716,0
S3717,1
S3718,0
S3719,1
S3720,0
S3721,0
S3722,0
S3723,0
S3724,0
S3725,0
S3726,0
S3727,0
S3728,0
S3729,1
S3730,0
S3731,0
S3732,1
S3733,1
S3734,0
S3735,0
S3736,0
S3737,1
S3738,0
S3739,0
S3740,0
S3741,0
S3742,1
S3743,1
S3744,0
S3745,1
S3746,0
S3747,0
S3748,1
S3749,0
S3750,0
S3751,0
S3752,0
S3753,1
S3754,0
S3755,1
S3756,0
S3757,0
S3758,0
S3759,1
S3760,0
S3761,1
S3762,1
S3763,0
S3764,1
S3765,0
S3766,0
S3767,0
S3768,0
S3769,1
S3770,1
S3771,1
S3772,0
S3773,1
S3774,0
S3775,0
S3776,1
S3777,0
S3778,0
S3779,0
S3780,1
S3781,1
S3782,1
S3783,1
S3784,1
S3785,0
S3786,0
S3787,1
S3788,0
S3789,1
S3790,0
S3791,0
S3792,0
S3793,0
S3794,0
S3795,0
S3796,1
S3797,0
S3798,0
S3799,1
S3800,0
S3801,0
S3802,0
S3803,0
S3804,1
S3805,0
S3806,1
S3807,1
S3808,0
S3809,0
S3810,1
S3811,1
S3812,1
S3813,1
S3814,1
S3815,0
S3816,0
S3817,0
S3818,0
S3819,1
S3820,1
S3821,0
S3822,0
S3823,0
S3824,0
S3825,0
S3826,0
S3827,0
S3828,0
S3829,0
S3830,0
S3831,0
S3832,1
S3833,1
S3834,0
S3835,0
S3836,0
S3837,0
S3838,0
S3839,0
S3840,0
S3841,1
S3842,0
S3843,0
S3844,1
S3845,0
S3846,0
S3847,0
S3848,0
S3849,0
S3850,0
S3851,1
S3852,0
S3853,0
S3854,0
S3855,0
S3856,0
S3857,0
S3858,1
S3859,1
S3860,1
S3861,1
S3862,1
S3863,0
S3864,0
S3865,1
S3866,1
S3867,1
S3868,1
S3869,1
S3870,0
S3871,1
S3872,0
S3873,0
S3874,0
S3875,0
S3876,0
S3877,1
S3878,0
S3879,0
S3880,0
S3881,1
S3882,0
S3883,0
S3884,0
S3885,0
S3886,1
S3887,1
S3888,0
S3889,0
S3890,0
S3891,0
S3892,0
S3893,0
S3894,0
S3895,0
S3896,0
S3897,1
S3898,1
S3899,1
S3900,0
S3901,0
S3902,0
S3903,1
S3904,1
S3905,0
S3906,0
S3907,0
S3908,0
S3909,0
S3910,0
S3911,0
S3912,1
S3913,0
S3914,0
S3915,1
S3916,0
S3917,0
S3918,1
S3919,0
S3920,0
S3921,0
S3922,0
S3923,0
S3924,0
S3925,0
S3926,1
S3927,0
S3928,1
S3929,1
S3930,0
S3931,1
S3932,0
S3933,1
S3934,0
S3935,0
S3936,0
S3937,0
S3938,0
S3939,0
S3940,0
S3941,1
S3942,0
S3943,0
S3944,0
S3945,1
S3946,0
S3947,1
S3948,0
S3949,0
S3950,0
S3951,0
S3952,0
S3953,0
S3954,0
S3955,0
S3956,1
S3957,0
S3958,0
S3959,0
S3960,0
S3961,0
S3962,1
S3963,1
S3964,0
S3965,0
S3966,0
S3967,1
S3968,0
S3969,1
S3970,0
S3971,0
S3972,1
S3973,0
S3974,0
S3975,0
S3976,0
S3977,0
S3978,1
S3979,1
S3980,0
S3981,0
S3982,0
S3983,1
S3984,0
S3985,1
S3986,0
S3987,1
S3988,0
S3989,0
S3990,0
S3991,0
S3992,0
S3993,0
S3994,0
S3995,1
S3996,0
S3997,0
S3998,1
S3999,1
S4000,0
S4001,0
S4002,0
S4003,1
S4004,0
S4005,0
S4006,0
S4007,0
S4008,0
S4009,0
S4010,0
S4011,0
S4012,1
S4013,0
S4014,0
S4015,0
S4016,1
S4017,1
S4018,1
S4019,0
S4020,1
S4021,1
S4022,0
S4023,0
S4024,0
S4025,0
S4026,0
S4027,0
S4028,0
S4029,1
S4030,0
S4031,0
S4032,0
S4033,0
S4034,0
S4035,0
S4036,0
S4037,0
S4038,0
S4039,0
S4040,0
S4041,1
S4042,1
S4043,1
S4044,0
S4045,0
S4046,0
S4047,1
S4048,0
S4049,0
S4050,0
S4051,1
S4052,0
S4053,0
S4054,0
S4055,0
S4056,0
S4057,0
S4058,0
S4059,0
S4060,0
S4061,0
S4062,0
S4063,1
S4064,0
S4065,0
S4066,1
S4067,0
S4068,1
S4069,0
S4070,1
S4071,0
S4072,1
S4073,0
S4074,0
S4075,0
S4076,0
S4077,0
S4078,1
S4079,1
S4080,0
S4081,0
S4082,0
S4083,0
S4084,0
S4085,0
S4086,0
S4087,0
S4088,1
S4089,0
S4090,0
S4091,1
S4092,1
S4093,0
S4094,1
S4095,1
S4096,1
S4097,0
S4098,0
S4099,1
S4100,0
S4101,0
S4102,0
S4103,1
S4104,0
S4105,0
S4106,0
S4107,0
S4108,0
S4109,0
S4110,0
S4111,0
S4112,0
S4113,0
S4114,1
S4115,1
S4116,1
S4117,0
S4118,0
S4119,0
S4120,0
S4121,0
S4122,0
S4123,0
S4124,1
S4125,0
S4126,0
S4127,0
S4128,0
S4129,0
S4130,1
S4131,0
S4132,1
S4133,1
S4134,0
S4135,0
S4136,0
S4137,0
S4138,0
S4139,1
S4140,0
S4141,0
S4142,0
S4143,1
S4144,0
S4145,1
S4146,1
S4147,0
S4148,0
S4149,0
S4150,0
S4151,0
S4152,0
S4153,0
S4154,0
S4155,0
S4156,0
S4157,0
S4158,0
S4159,1
S4160,0
S4161,1
S4162,0
S4163,0
S4164,0
S4165,0
S4166,0
S4167,0
S4168,1
S4169,0
S4170,1
S4171,0
S4172,0
S4173,0
S4174,0
S4175,0
S4176,1
S4177,0
S4178,0
S4179,0
S4180,0
S4181,1
S4182,0
S4183,1
S4184,0
S4185,0
S4186,1
S4187,1
S4188,0
S4189,0
S4190,0
S4191,0
S4192,1
S4193,0
S4194,0
S4195,0
S4196,1
S4197,1
S4198,0
S4199,0
S4200,0
S4201,0
S4202,0
S4203,0
S4204,0
S4205,0
S4206,1
S4207,0
S4208,0
S4209,1
S4210,0
S4211,0
S4212,1
S4213,1
S4214,1
S4215,0
S4216,1
S4217,0
S4218,0
S4219,1
S4220,0
S4221,0
S4222,0
S4223,0
S4224,0
S4225,1
S4226,0
S4227,1
S4228,0
S4229,0
S4230,0
S4231,0
S4232,0
S4233,1
S4234,0
S4235,0
S4236,1
S4237,0
S4238,0
S4239,0
S4240,0
S4241,0
S4242,0
S4243,0
S4244,1
S4245,1
S4246,0
S4247,0
S4248,0
S4249,1
S4250,0
S4251,0
S4252,1
S4253,0
S4254,0
S4255,0
S4256,0
S4257,0
S4258,0
S4259,0
S4260,0
S4261,0
S4262,0
S4263,0
S4264,0
S4265,0
S4266,0
S4267,0
S4268,0
S4269,1
S4270,0
S4271,0
S4272,0
S4273,1
S4274,0
S4275,0
S4276,0
S4277,0
S4278,0
S4279,1
S4280,0
S4281,0
S4282,1
S4283,0
S4284,1
S4285,0
S4286,1
S4287,0
S4288,1
S4289,1
S4290,1
S4291,1
S4292,1
S4293,1
S4294,0
S4295,0
S4296,0
S4297,0
S4298,0
S4299,1
S4300,0
S4301,0
S4302,1
S4303,0
S4304,0
S4305,0
S4306,0
S4307,0
S4308,0
S4309,0
S4310,1
S4311,0
S4312,0
S4313,1
S4314,1
S4315,0
S4316,0
S4317,0
S4318,0
S4319,0
S4320,0
S4321,0
S4322,0
S4323,0
S4324,1
S4325,0
S4326,0
S4327,0
S4328,0
S4329,0
S4330,0
S4331,0
S4332,0
S4333,0
S4334,0
S4335,0
S4336,0
S4337,0
S4338,0
S4339,1
S4340,0
S4341,0
S4342,0
S4343,0
S4344,0
S4345,0
S4346,0
S4347,1
S4348,0
S4349,0
S4350,0
S4351,0
S4352,0
S4353,1
S4354,0
S4355,0
S4356,0
S4357,1
S4358,0
S4359,0
S4360,0
S4361,0
S4362,0
S4363,1
S4364,0
S4365,0
S4366,0
S4367,0
S4368,0
S4369,1
S4370,1
S4371,1
S4372,0
S4373,0
S4374,0
S4375,1
S4376,1
S4377,0
S4378,0
S4379,0
S4380,1
S4381,0
S4382,0
S4383,0
S4384,1
S4385,0
S4386,0
S4387,1
S4388,1
S4389,1
S4390,0
S4391,1
S4392,1
S4393,1
S4394,0
S4395,0
S4396,0
S4397,0
S4398,0
S4399,0
S4400,0
S4401,1
S4402,0
S4403,0
S4404,1
S4405,0
S4406,1
S4407,1
S4408,0
S4409,0
S4410,0
S4411,0
S4412,0
S4413,0
S4414,0
S4415,0
S4416,0
S4417,0
S4418,1
S4419,0
S4420,0
S4421,1
S4422,0
S4423,0
S4424,0
S4425,0
S4426,0
S4427,0
S4428,0
S4429,0
S4430,0
S4431,0
S4432,0
S4433,0
S4434,0
S4435,1
S4436,0
S4437,0
S4438,1
S4439,0
S4440,0
S4441,1
S4442,0
S4443,0
S4444,0
S4445,1
S4446,0
S4447,0
S4448,0
S4449,1
S4450,0
S4451,1
S4452,1
S4453,0
S4454,1
S4455,0
S4456,1
S4457,0
S4458,0
S4459,0
S4460,0
S4461,0
S4462,0
S4463,1
S4464,1
S4465,0
S4466,0
S4467,1
S4468,0
S4469,1
S4470,1
S4471,0
S4472,0
S4473,0
S4474,1
S4475,0
S4476,1
S4477,0
S4478,0
S4479,1
S4480,1
S4481,1
S4482,0
S4483,0
S4484,1
S4485,0
S4486,0
S4487,1
S4488,1
S4489,0
S4490,0
S4491,0
S4492,1
S4493,0
S4494,0
S4495,0
S4496,0
S4497,1
S4498,1
S4499,1
S4500,0
S4501,0
S4502,0
S4503,1
S4504,0
S4505,1
S4506,0
S4507,0
S4508,0
S4509,0
S4510,1
S4511,1
S4512,0
S4513,0
S4514,0
S4515,1
S4516,0
S4517,0
S4518,1
S4519,0
S4520,0
S4521,1
S4522,0
S4523,1
S4524,1
S4525,1
S4526,0
S4527,0
S4528,0
S4529,0
S4530,0
S4531,0
S4532,0
S4533,1
S4534,0
S4535,0
S4536,0
S4537,0
S4538,1
S4539,0
S4540,0
S4541,1
S4542,0
S4543,0
S4544,0
S4545,1
S4546,1
S4547,0
S4548,0
S4549,0
S4550,0
S4551,0
S4552,0
S4553,1
S4554,0
S4555,1
S4556,1
S4557,1
S4558,1
S4559,1
S4560,0
S4561,1
S4562,0
S4563,0
S4564,1
S4565,1
S4566,1
S4567,0
S4568,1
S4569,0
S4570,0
S4571,0
S4572,1
S4573,0
S4574,1
S4575,0
S4576,1
S4577,1
S4578,0
S4579,0
S4580,0
S4581,1
S4582,0
S4583,1
S4584,1
S4585,0
S4586,0
S4587,1
S4588,0
S4589,1
S4590,0
S4591,1
S4592,1
S4593,0
S4594,1
S4595,1
S4596,0
S4597,1
S4598,0
S4599,0
S4600,0
S4601,0
S4602,1
S4603,0
S4604,0
S4605,1
S4606,1
S4607,0
S4608,0
S4609,0
S4610,0
S4611,0
S4612,0
S4613,0
S4614,0
S4615,0
S4616,0
S4617,0
S4618,0
S4619,0
S4620,0
S4621,0
S4622,1
S4623,1
S4624,1
S4625,0
S4626,1
S4627,0
S4628,0
S4629,1
S4630,0
S4631,0
S4632,1
S4633,1
S4634,0
S4635,0
S4636,0
S4637,0
S4638,0
S4639,0
S4640,0
S4641,1
S4642,1
S4643,0
S4644,1
S4645,0
S4646,0
S4647,0
S4648,1
S4649,0
S4650,0
S4651,1
S4652,1
S4653,1
S4654,0
S4655,0
S4656,0
S4657,0
S4658,1
S4659,0
S4660,0
S4661,0
S4662,0
S4663,1
S4664,1
S4665,1
S4666,0
S4667,1
S4668,1
S4669,0
S4670,1
S4671,1
S4672,0
S4673,1
S4674,0
S4675,0
S4676,0
S4677,1
S4678,1
S4679,0
S4680,0
S4681,0
S4682,0
S4683,0
S4684,0
S4685,1
S4686,0
S4687,0
S4688,0
S4689,0
S4690,1
S4691,0
S4692,1
S4693,0
S4694,1
S4695,0
S4696,0
S4697,0
S4698,0
S4699,0
S4700,0
S4701,0
S4702,0
S4703,1
S4704,1
S4705,0
S4706,0
S4707,0
S4708,0
S4709,1
S4710,0
S4711,0
S4712,0
S4713,1
S4714,1
S4715,1
S4716,1
S4717,0
S4718,1
S4719,0
S4720,1
S4721,1
S4722,1
S4723,0
S4724,0
S4725,0
S4726,1
S4727,1
S4728,1
S4729,0
S4730,0
S4731,0
S4732,0
S4733,0
S4734,0
S4735,1
S4736,0
S4737,0
S4738,0
S4739,0
S4740,1
S4741,1
S4742,1
S4743,0
S4744,0
S4745,0
S4746,0
S4747,0
S4748,0
S4749,0
S4750,0
S4751,0
S4752,0
S4753,0
S4754,0
S4755,0
S4756,0
S4757,1
S4758,0
S4759,0
S4760,1
S4761,0
S4762,0
S4763,0
S4764,0
S4765,0
S4766,1
S4767,0
S4768,1
S4769,1
S4770,0
S4771,0
S4772,0
S4773,0
S4774,1
S4775,1
S4776,0
S4777,0
S4778,0
S4779,0
S4780,0
S4781,0
S4782,1
S4783,0
S4784,1
S4785,1
S4786,0
S4787,1
S4788,0
S4789,0
S4790,0
S4791,1
S4792,0
S4793,1
S4794,0
S4795,0
S4796,0
S4797,0
S4798,0
S4799,0
S4800,1
S4801,0
S4802,0
S4803,0
S4804,0
S4805,0
S4806,1
S4807,0
S4808,0
S4809,0
S4810,0
S4811,1
S4812,0
S4813,1
S4814,0
S4815,0
S4816,1
S4817,1
S4818,0
S4819,0
S4820,0
S4821,0
S4822,0
S4823,0
S4824,0
S4825,0
S4826,0
S4827,1
S4828,1
S4829,0
S4830,0
S4831,0
S4832,0
S4833,0
S4834,0
S4835,0
S4836,0
S4837,0
S4838,0
S4839,0
S4840,0
S4841,1
S4842,0
S4843,1
S4844,0
S4845,1
S4846,1
S4847,1
S4848,0
S4849,1
S4850,0
S4851,1
S4852,0
S4853,1
S4854,1
S4855,1
S4856,0
S4857,0
S4858,0
S4859,0
S4860,0
S4861,0
S4862,0
S4863,0
S4864,1
S4865,0
S4866,1
S4867,0
S4868,0
S4869,1
S4870,0
S4871,1
S4872,0
S4873,0
S4874,0
S4875,0
S4876,0
S4877,0
S4878,0
S4879,1
S4880,0
S4881,1
S4882,0
S4883,1
S4884,0
S4885,0
S4886,1
S4887,0
S4888,1
S4889,1
S4890,0
S4891,1
S4892,1
S4893,0
S4894,0
S4895,1
S4896,0
S4897,0
S4898,0
S4899,0
S4900,0
S4901,0
S4902,0
S4903,0
S4904,0
S4905,1
S4906,1
S4907,1
S4908,0
S4909,0
S4910,0
S4911,0
S4912,0
S4913,0
S4914,1
S4915,1
S4916,0
S4917,1
S4918,0
S4919,0
S4920,0
S4921,1
S4922,0
S4923,0
S4924,0
S4925,0
S4926,1
S4927,0
S4928,1
S4929,0
S4930,0
S4931,0
S4932,0
S4933,1
S4934,1
S4935,0
S4936,1
S4937,0
S4938,0
S4939,0
S4940,0
S4941,0
S4942,0
S4943,0
S4944,1
S4945,0
S4946,0
S4947,0
S4948,0
S4949,0
S4950,1
S4951,0
S4952,0
S4953,1
S4954,1
S4955,0
S4956,1
S4957,0
S4958,0
S4959,0
S4960,0
S4961,1
S4962,0
S4963,1
S4964,0
S4965,0
S4966,0
S4967,1
S4968,1
S4969,0
S4970,0
S4971,0
S4972,1
S4973,1
S4974,1
S4975,0
S4976,0
S4977,0
S4978,0
S4979,0
S4980,0
S4981,1
S4982,1
S4983,0
S4984,0
S4985,1
S4986,1
S4987,0
S4988,1
S4989,0
S4990,1
S4991,0
S4992,0
S4993,1
S4994,0
S4995,1
S4996,0
S4997,0
S4998,0
S4999,1
S5000,0
S5001,0
S5002,0
S5003,0
S5004,1
S5005,1
S5006,1
S5007,0
S5008,1
S5009,0
S5010,1
S5011,1
S5012,1
S5013,0
S5014,0
S5015,0
S5016,1
S5017,1
S5018,0
S5019,0
S5020,1
S5021,0
S5022,0
S5023,0
S5024,0
S5025,1
S5026,0
S5027,1
S5028,1
S5029,0
S5030,0
S5031,0
S5032,0
S5033,1
S5034,1
S5035,0
S5036,0
S5037,1
S5038,0
S5039,0
S5040,1
S5041,0
S5042,0
S5043,0
S5044,0
S5045,0
S5046,0
S5047,1
S5048,0
S5049,0
S5050,0
S5051,0
S5052,0
S5053,0
S5054,0
S5055,0
S5056,0
S5057,0
S5058,0
S5059,0
S5060,1
S5061,0
S5062,0
S5063,0
S5064,0
S5065,0
S5066,0
S5067,0
S5068,1
S5069,1
S5070,0
S5071,1
S5072,1
S5073,0
S5074,1
S5075,0
S5076,0
S5077,0
S5078,1
S5079,1
S5080,0
S5081,1
S5082,0
S5083,1
S5084,0
S5085,1
S5086,0
S5087,0
S5088,0
S5089,1
S5090,0
S5091,0
S5092,0
S5093,0
S5094,1
S5095,0
S5096,0
S5097,0
S5098,0
S5099,1
S5100,0
S5101,0
S5102,0
S5103,0
S5104,0
S5105,0
S5106,1
S5107,0
S5108,0
S5109,0
S5110,1
S5111,0
S5112,0
S5113,0
S5114,0
S5115,0
S5116,0
S5117,1
S5118,1
S5119,0
S5120,0
S5121,0
S5122,0
S5123,1
S5124,1
S5125,0
S5126,1
S5127,0
S5128,0
S5129,0
S5130,0
S5131,1
S5132,0
S5133,1
S5134,0
S5135,0
S5136,0
S5137,0
S5138,0
S5139,0
S5140,1
S5141,0
S5142,0
S5143,1
S5144,1
S5145,0
S5146,0
S5147,0
S5148,0
S5149,1
S5150,0
S5151,0
S5152,0
S5153,1
S5154,1
S5155,0
S5156,0
S5157,1
S5158,0
S5159,1
S5160,0
S5161,0
S5162,0
S5163,1
S5164,0
S5165,0
S5166,0
S5167,0
S5168,0
S5169,0
S5170,1
S5171,1
S5172,0
S5173,0
S5174,0
S5175,1
S5176,0
S5177,0
S5178,0
S5179,1
S5180,0
S5181,0
S5182,0
S5183,0
S5184,0
S5185,0
S5186,1
S5187,0
S5188,0
S5189,0
S5190,0
S5191,0
S5192,0
S5193,1
S5194,1
S5195,0
S5196,1
S5197,0
S5198,0
S5199,1
S5200,0
S5201,0
S5202,0
S5203,0
S5204,0
S5205,0
S5206,0
S5207,1
S5208,0
S5209,0
S5210,0
S5211,0
S5212,0
S5213,0
S5214,0
S5215,0
S5216,0
S5217,0
S5218,0
S5219,0
S5220,0
S5221,0
S5222,0
S5223,1
S5224,0
S5225,0
S5226,0
S5227,1
S5228,0
S5229,1
S5230,0
S5231,0
S5232,0
S5233,1
S5234,0
S5235,0
S5236,1
S5237,0
S5238,0
S5239,0
S5240,1
S5241,0
S5242,1
S5243,0
S5244,0
S5245,1
S5246,1
S5247,0
S5248,0
S5249,0
S5250,0
S5251,0
S5252,0
S5253,1
S5254,0
S5255,0
S5256,0
S5257,0
S5258,0
S5259,1
S5260,1
S5261,0
S5262,0
S5263,0
S5264,1
S5265,1
S5266,1
S5267,0
S5268,0
S5269,1
S5270,0
S5271,1
S5272,0
S5273,0
S5274,0
S5275,0
S5276,1
S5277,0
S5278,0
S5279,0
S5280,0
S5281,0
S5282,0
S5283,0
S5284,0
S5285,1
S5286,1
S5287,1
S5288,0
S5289,0
S5290,0
S5291,0
S5292,0
S5293,0
S5294,0
S5295,0
S5296,0
S5297,0
S5298,1
S5299,0
S5300,1
S5301,1
S5302,0
S5303,0
S5304,1
S5305,0
S5306,0
S5307,0
S5308,0
S5309,0
S5310,0
S5311,0
S5312,0
S5313,0
S5314,0
S5315,0
S5316,0
S5317,0
S5318,0
S5319,1
S5320,1
S5321,0
S5322,1
S5323,1
S5324,0
S5325,0
S5326,0
S5327,1
S5328,1
S5329,1
S5330,0
S5331,1
S5332,0
S5333,0
S5334,0
S5335,1
S5336,0
S5337,0
S5338,0
S5339,0
S5340,0
S5341,0
S5342,1
S5343,1
S5344,1
S5345,0
S5346,0
S5347,0
S5348,1
S5349,1
S5350,0
S5351,0
S5352,0
S5353,0
S5354,0
S5355,0
S5356,1
S5357,1
S5358,0
S5359,0
S5360,1
S5361,0
S5362,0
S5363,1
S5364,1
S5365,1
S5366,1
S5367,0
S5368,0
S5369,0
S5370,1
S5371,0
S5372,0
S5373,0
S5374,0
S5375,0
S5376,0
S5377,0
S5378,0
S5379,0
S5380,1
S5381,0
S5382,0
S5383,0
S5384,1
S5385,0
S5386,0
S5387,0
S5388,0
S5389,0
S5390,1
S5391,1
S5392,0
S5393,0
S5394,1
S5395,1
S5396,0
S5397,0
S5398,1
S5399,0
S5400,0
S5401,0
S5402,1
S5403,0
S5404,0
S5405,0
S5406,1
S5407,0
S5408,0
S5409,0
S5410,0
S5411,0
S5412,0
S5413,0
S5414,0
S5415,0
S5416,1
S5417,1
S5418,0
S5419,0
S5420,0
S5421,0
S5422,0
S5423,0
S5424,0
S5425,0
S5426,0
S5427,0
S5428,1
S5429,1
S5430,0
S5431,0
S5432,0
S5433,1
S5434,1
S5435,0
S5436,1
S5437,0
S5438,0
S5439,0
S5440,0
S5441,0
S5442,0
S5443,1
S5444,0
S5445,1
S5446,0
S5447,0
S5448,0
S5449,0
S5450,0
S5451,0
S5452,0
S5453,1
S5454,1
S5455,0
S5456,0
S5457,1
S5458,0
S5459,0
S5460,0
S5461,0
S5462,0
S5463,0
S5464,1
S5465,0
S5466,0
S5467,1
S5468,0
S5469,0
S5470,0
S5471,0
S5472,1
S5473,0
S5474,0
S5475,1
S5476,0
S5477,0
S5478,1
S5479,0
S5480,0
S5481,1
S5482,0
S5483,0
S5484,0
S5485,1
S5486,0
S5487,1
S5488,0
S5489,0
S5490,0
S5491,0
S5492,0
S5493,0
S5494,1
S5495,0
S5496,0
S5497,1
S5498,0
S5499,0
S5500,0
S5501,0
S5502,0
S5503,0
S5504,0
S5505,0
S5506,0
S5507,0
S5508,0
S5509,1
S5510,0
S5511,0
S5512,0
S5513,0
S5514,0
S5515,0
S5516,0
S5517,0
S5518,1
S5519,0
S5520,0
S5521,0
S5522,0
S5523,0
S5524,0
S5525,1
S5526,0
S5527,1
S5528,0
S5529,0
S5530,0
S5531,1
S5532,0
S5533,0
S5534,0
S5535,0
S5536,0
S5537,1
S5538,0
S5539,0
S5540,1
S5541,0
S5542,1
S5543,0
S5544,0
S5545,1
S5546,0
S5547,1
S5548,0
S5549,0
S5550,0
S5551,0
S5552,1
S5553,0
S5554,1
S5555,0
S5556,1
S5557,0
S5558,0
S5559,1
S5560,0
S5561,0
S5562,0
S5563,1
S5564,0
S5565,0
S5566,0
S5567,0
S5568,0
S5569,0
S5570,1
S5571,0
S5572,0
S5573,1
S5574,0
S5575,1
S5576,0
S5577,0
S5578,1
S5579,1
S5580,0
S5581,0
S5582,1
S5583,1
S5584,0
S5585,0
S5586,0
S5587,0
S5588,1
S5589,0
S5590,1
S5591,0
S5592,0
S5593,0
S5594,0
S5595,0
S5596,0
S5597,0
S5598,0
S5599,1
S5600,1
S5601,0
S5602,1
S5603,1
S5604,1
S5605,0
S5606,1
S5607,0
S5608,1
S5609,0
S5610,0
S5611,0
S5612,0
S5613,0
S5614,0
S5615,0
S5616,1
S5617,1
S5618,0
S5619,1
S5620,0
S5621,0
S5622,0
S5623,0
S5624,0
S5625,1
S5626,1
S5627,0
S5628,0
S5629,0
S5630,0
S5631,0
S5632,1
S5633,1
S5634,0
S5635,0
S5636,0
S5637,0
S5638,0
S5639,0
S5640,0
S5641,0
S5642,0
S5643,0
S5644,0
S5645,0
S5646,0
S5647,0
S5648,0
S5649,0
S5650,0
S5651,0
S5652,0
S5653,0
S5654,1
S5655,0
S5656,0
S5657,0
S5658,1
S5659,1
S5660,0
S5661,0
S5662,1
S5663,0
S5664,1
S5665,1
S5666,0
S5667,0
S5668,0
S5669,0
S5670,1
S5671,1
S5672,1
S5673,0
S5674,1
S5675,0
S5676,1
S5677,0
S5678,1
S5679,0
S5680,0
S5681,1
S5682,0
S5683,0
S5684,0
S5685,1
S5686,0
S5687,0
S5688,0
S5689,1
S5690,1
S5691,1
S5692,0
S5693,0
S5694,0
S5695,0
S5696,0
S5697,0
S5698,0
S5699,1
S5700,0
S5701,0
S5702,0
S5703,0
S5704,0
S5705,0
S5706,1
S5707,0
S5708,1
S5709,0
S5710,1
S5711,1
S5712,0
S5713,1
S5714,0
S5715,0
S5716,0
S5717,0
S5718,1
S5719,0
S5720,0
S5721,0
S5722,0
S5723,0
S5724,0
S5725,1
S5726,0
S5727,1
S5728,0
S5729,0
S5730,1
S5731,0
S5732,0
S5733,1
S5734,1
S5735,0
S5736,0
S5737,1
S5738,0
S5739,0
S5740,0
S5741,0
S5742,1
S5743,0
S5744,0
S5745,1
S5746,0
S5747,0
S5748,1
S5749,0
S5750,1
S5751,1
S5752,1
S5753,0
S5754,1
S5755,1
S5756,1
S5757,1
S5758,1
S5759,0
S5760,1
S5761,0
S5762,0
S5763,0
S5764,0
S5765,0
S5766,0
S5767,1
S5768,0
S5769,0
S5770,1
S5771,1
S5772,0
S5773,0
S5774,0
S5775,0
S5776,0
S5777,0
S5778,0
S5779,0
S5780,0
S5781,1
S5782,0
S5783,0
S5784,0
S5785,1
S5786,1
S5787,0
S5788,0
S5789,0
S5790,1
S5791,1
S5792,0
S5793,1
S5794,1
S5795,0
S5796,1
S5797,0
S5798,0
S5799,1
S5800,1
S5801,1
S5802,0
S5803,0
S5804,0
S5805,0
S5806,0
S5807,1
S5808,0
S5809,0
S5810,0
S5811,1
S5812,1
S5813,0
S5814,0
S5815,1
S5816,0
S5817,0
S5818,0
S5819,0
S5820,0
S5821,0
S5822,0
S5823,0
S5824,0
S5825,1
S5826,0
S5827,0
S5828,0
S5829,0
S5830,0
S5831,0
S5832,0
S5833,0
S5834,1
S5835,0
S5836,0
S5837,0
S5838,0
S5839,1
S5840,0
S5841,0
S5842,1
S5843,0
S5844,0
S5845,0
S5846,1
S5847,0
S5848,0
S5849,0
S5850,0
S5851,1
S5852,0
S5853,0
S5854,0
S5855,1
S5856,0
S5857,0
S5858,1
S5859,1
S5860,0
S5861,1
S5862,1
S5863,1
S5864,1
S5865,0
S5866,0
S5867,1
S5868,0
S5869,0
S5870,0
S5871,0
S5872,1
S5873,1
S5874,0
S5875,0
S5876,0
S5877,0
S5878,0
S5879,0
S5880,0
S5881,0
S5882,0
S5883,1
S5884,0
S5885,0
S5886,0
S5887,0
S5888,0
S5889,0
S5890,0
S5891,0
S5892,0
S5893,0
S5894,0
S5895,1
S5896,1
S5897,0
S5898,0
S5899,0
S5900,0
S5901,1
S5902,1
S5903,1
S5904,0
S5905,1
S5906,0
S5907,0
S5908,0
S5909,0
S5910,0
S5911,0
S5912,0
S5913,1
S5914,0
S5915,0
S5916,0
S5917,0
S5918,0
S5919,1
S5920,0
S5921,0
S5922,0
S5923,0
S5924,0
S5925,0
S5926,0
S5927,1
S5928,1
S5929,0
S5930,0
S5931,0
S5932,0
S5933,0
S5934,0
S5935,1
S5936,1
S5937,0
S5938,0
S5939,0
S5940,0
S5941,1
S5942,1
S5943,0
S5944,0
S5945,0
S5946,1
S5947,0
S5948,0
S5949,0
S5950,0
S5951,1
S5952,0
S5953,0
S5954,0
S5955,0
S5956,1
S5957,0
S5958,1
S5959,0
S5960,0
S5961,0
S5962,0
S5963,1
S5964,0
S5965,0
S5966,0
S5967,0
S5968,1
S5969,0
S5970,1
S5971,0
S5972,0
S5973,0
S5974,1
S5975,1
S5976,1
S5977,0
S5978,1
S5979,1
S5980,0
S5981,1
S5982,0
S5983,1
S5984,1
S5985,1
S5986,0
S5987,1
S5988,0
S5989,0
S5990,0
S5991,0
S5992,0
S5993,0
S5994,1
S5995,1
S5996,0
S5997,0
S5998,1
S5999,1
S6000,1
S6001,1
S6002,0
S6003,0
S6004,0
S6005,0
S6006,0
S6007,1
S6008,1
S6009,0
S6010,0
S6011,1
S6012,1
S6013,0
S6014,0
S6015,0
S6016,0
S6017,0
S6018,0
S6019,0
S6020,0
S6021,0
S6022,0
S6023,0
S6024,0
S6025,0
S6026,0
S6027,1
S6028,0
S6029,0
S6030,0
S6031,0
S6032,1
S6033,1
S6034,0
S6035,0
S6036,1
S6037,0
S6038,0
S6039,1
S6040,1
S6041,0
S6042,1
S6043,0
S6044,1
S6045,1
S6046,0
S6047,0
S6048,0
S6049,0
S6050,0
S6051,1
S6052,0
S6053,1
S6054,1
S6055,0
S6056,0
S6057,1
S6058,0
S6059,1
S6060,0
S6061,1
S6062,1
S6063,0
S6064,0
S6065,1
S6066,1
S6067,1
S6068,0
S6069,1
S6070,0
S6071,0
S6072,1
S6073,0
S6074,1
S6075,0
S6076,1
S6077,0
S6078,0
S6079,1
S6080,1
S6081,0
S6082,0
S6083,0
S6084,1
S6085,1
S6086,0
S6087,0
S6088,1
S6089,0
S6090,0
S6091,1
S6092,0
S6093,0
S6094,1
S6095,0
S6096,1
S6097,0
S6098,0
S6099,0
S6100,1
S6101,0
S6102,0
S6103,1
S6104,0
S6105,0
S6106,0
S6107,0
S6108,1
S6109,0
S6110,0
S6111,0
S6112,1
S6113,0
S6114,0
S6115,1
S6116,0
S6117,0
S6118,0
S6119,0
S6120,0
S6121,0
S6122,0
S6123,1
S6124,0
S6125,0
S6126,0
S6127,1
S6128,0
S6129,0
S6130,0
S6131,0
S6132,1
S6133,0
S6134,0
S6135,0
S6136,0
S6137,0
S6138,0
S6139,0
S6140,0
S6141,1
S6142,1
S6143,0
S6144,0
S6145,1
S6146,1
S6147,1
S6148,0
S6149,1
S6150,0
S6151,0
S6152,0
S6153,0
S6154,1
S6155,0
S6156,0
S6157,0
S6158,0
S6159,0
S6160,0
S6161,0
S6162,1
S6163,0
S6164,0
S6165,0
S6166,1
S6167,1
S6168,0
S6169,0
S6170,0
S6171,0
S6172,0
S6173,1
S6174,0
S6175,0
S6176,1
S6177,0
S6178,1
S6179,0
S6180,1
S6181,1
S6182,0
S6183,0
S6184,0
S6185,1
S6186,1
S6187,0
S6188,0
S6189,1
S6190,0
S6191,0
S6192,0
S6193,0
S6194,0
S6195,1
S6196,0
S6197,0
S6198,0
S6199,0
S6200,0
S6201,1
S6202,0
S6203,0
S6204,0
S6205,0
S6206,1
S6207,0
S6208,1
S6209,1
S6210,0
S6211,0
S6212,0
S6213,1
S6214,0
S6215,0
S6216,1
S6217,0
S6218,0
S6219,0
S6220,1
S6221,1
S6222,0
S6223,0
S6224,0
S6225,0
S6226,0
S6227,1
S6228,0
S6229,0
S6230,1
S6231,1
S6232,0
S6233,1
S6234,0
S6235,1
S6236,1
S6237,0
S6238,1
S6239,0
S6240,0
S6241,0
S6242,0
S6243,0
S6244,0
S6245,0
S6246,1
S6247,0
S6248,0
S6249,1
S6250,0
S6251,0
S6252,0
S6253,0
S6254,0
S6255,0
S6256,0
S6257,0
S6258,1
S6259,1
S6260,0
S6261,1
S6262,0
S6263,0
S6264,1
S6265,0
S6266,0
S6267,0
S6268,0
S6269,1
S6270,1
S6271,1
S6272,1
S6273,0
S6274,1
S6275,1
S6276,0
S6277,0
S6278,0
S6279,0
S6280,1
S6281,0
S6282,1
S6283,0
S6284,0
S6285,1
S6286,1
S6287,0
S6288,0
S6289,1
S6290,0
S6291,0
S6292,1
S6293,1
S6294,0
S6295,1
S6296,0
S6297,0
S6298,0
S6299,1
S6300,0
S6301,0
S6302,0
S6303,0
S6304,0
S6305,1
S6306,1
S6307,1
S6308,0
S6309,0
S6310,0
S6311,0
S6312,0
S6313,0
S6314,1
S6315,1
S6316,0
S6317,0
S6318,0
S6319,0
S6320,0
S6321,0
S6322,1
S6323,0
S6324,1
S6325,1
S6326,0
S6327,0
S6328,0
S6329,0
S6330,0
S6331,0
S6332,0
S6333,0
S6334,0
S6335,1
S6336,0
S6337,0
S6338,1
S6339,1
S6340,1
S6341,1
S6342,0
S6343,0
S6344,1
S6345,1
S6346,0
S6347,1
S6348,0
S6349,0
S6350,0
S6351,1
S6352,0
S6353,1
S6354,0
S6355,0
S6356,0
S6357,0
S6358,0
S6359,0
S6360,1
S6361,1
S6362,0
S6363,0
S6364,1
S6365,0
S6366,0
S6367,0
S6368,1
S6369,1
S6370,0
S6371,0
S6372,0
S6373,0
S6374,0
S6375,1
S6376,0
S6377,0
S6378,1
S6379,0
S6380,0
S6381,1
S6382,1
S6383,0
S6384,0
S6385,1
S6386,0
S6387,0
S6388,0
S6389,0
S6390,0
S6391,0
S6392,0
S6393,0
S6394,0
S6395,1
S6396,1
S6397,0
S6398,0
S6399,1
S6400,0
S6401,1
S6402,1
S6403,0
S6404,0
S6405,0
S6406,0
S6407,0
S6408,1
S6409,0
S6410,1
S6411,0
S6412,0
S6413,0
S6414,0
S6415,1
S6416,0
S6417,1
S6418,0
S6419,1
S6420,0
S6421,0
S6422,0
S6423,0
S6424,0
S6425,0
S6426,0
S6427,0
S6428,0
S6429,0
S6430,1
S6431,0
S6432,0
S6433,0
S6434,1
S6435,0
S6436,0
S6437,0
S6438,0
S6439,0
S6440,0
S6441,1
S6442,0
S6443,1
S6444,0
S6445,0
S6446,0
S6447,0
S6448,1
S6449,0
S6450,1
S6451,0
S6452,1
S6453,0
S6454,0
S6455,1
S6456,0
S6457,0
S6458,0
S6459,0
S6460,0
S6461,0
S6462,1
S6463,1
S6464,1
S6465,1
S6466,0
S6467,0
S6468,0
S6469,0
S6470,0
S6471,1
S6472,0
S6473,1
S6474,0
S6475,0
S6476,0
S6477,1
S6478,0
S6479,0
S6480,1
S6481,1
S6482,0
S6483,1
S6484,0
S6485,0
S6486,0
S6487,1
S6488,0
S6489,0
S6490,0
S6491,0
S6492,1
S6493,1
S6494,0
S6495,1
S6496,1
S6497,0
S6498,1
S6499,1
S6500,0
S6501,1
S6502,0
S6503,0
S6504,0
S6505,0
S6506,0
S6507,0
S6508,1
S6509,0
S6510,0
S6511,0
S6512,1
S6513,0
S6514,0
S6515,0
S6516,1
S6517,1
S6518,0
S6519,1
S6520,0
S6521,0
S6522,1
S6523,0
S6524,0
S6525,0
S6526,1
S6527,0
S6528,0
S6529,1
S6530,0
S6531,0
S6532,0
S6533,0
S6534,1
S6535,1
S6536,1
S6537,0
S6538,1
S6539,0
S6540,1
S6541,0
S6542,0
S6543,0
S6544,1
S6545,0
S6546,0
S6547,0
S6548,0
S6549,0
S6550,0
S6551,0
S6552,0
S6553,0
S6554,1
S6555,0
S6556,0
S6557,1
S6558,0
S6559,1
S6560,0
S6561,1
S6562,0
S6563,1
S6564,1
S6565,0
S6566,1
S6567,0
S6568,0
S6569,1
S6570,0
S6571,1
S6572,0
S6573,0
S6574,0
S6575,0
S6576,1
S6577,1
S6578,0
S6579,0
S6580,1
S6581,0
S6582,1
S6583,1
S6584,0
S6585,0
S6586,0
S6587,0
S6588,1
S6589,0
S6590,0
S6591,0
S6592,0
S6593,0
S6594,0
S6595,0
S6596,0
S6597,0
S6598,1
S6599,0
S6600,0
S6601,0
S6602,0
S6603,0
S6604,0
S6605,0
S6606,0
S6607,0
S6608,0
S6609,1
S6610,0
S6611,0
S6612,0
S6613,0
S6614,0
S6615,0
S6616,0
S6617,1
S6618,0
S6619,0
S6620,0
S6621,0
S6622,0
S6623,0
S6624,0
S6625,0
S6626,0
S6627,1
S6628,0
S6629,0
S6630,0
S6631,0
S6632,1
S6633,1
S6634,0
S6635,1
S6636,1
S6637,1
S6638,1
S6639,0
S6640,0
S6641,1
S6642,0
S6643,0
S6644,0
S6645,0
S6646,1
S6647,1
S6648,0
S6649,0
S6650,0
S6651,0
S6652,1
S6653,1
S6654,1
S6655,0
S6656,0
S6657,0
S6658,0
S6659,0
S6660,0
S6661,0
S6662,0
S6663,1
S6664,0
S6665,1
S6666,0
S6667,0
S6668,0
S6669,0
S6670,1
S6671,1
S6672,0
S6673,1
S6674,0
S6675,1
S6676,1
S6677,0
S6678,0
S6679,0
S6680,0
S6681,0
S6682,0
S6683,0
S6684,0
S6685,1
S6686,0
S6687,0
S6688,0
S6689,0
S6690,0
S6691,1
S6692,0
S6693,1
S6694,0
S6695,0
S6696,0
S6697,0
S6698,1
S6699,0
S6700,1
S6701,0
S6702,0
S6703,1
S6704,0
S6705,0
S6706,0
S6707,0
S6708,1
S6709,0
S6710,0
S6711,0
S6712,0
S6713,0
S6714,0
S6715,1
S6716,0
S6717,0
S6718,0
S6719,0
S6720,0
S6721,0
S6722,1
S6723,1
S6724,0
S6725,1
S6726,0
S6727,0
S6728,0
S6729,1
S6730,1
S6731,0
S6732,1
S6733,0
S6734,0
S6735,0
S6736,0
S6737,0
S6738,0
S6739,0
S6740,0
S6741,1
S6742,1
S6743,0
S6744,0
S6745,0
S6746,0
S6747,0
S6748,0
S6749,1
S6750,0
S6751,0
S6752,1
S6753,0
S6754,0
S6755,0
S6756,1
S6757,0
S6758,1
S6759,0
S6760,0
S6761,1
S6762,0
S6763,0
S6764,1
S6765,0
S6766,0
S6767,0
S6768,0
S6769,1
S6770,0
S6771,0
S6772,1
S6773,1
S6774,0
S6775,1
S6776,0
S6777,0
S6778,0
S6779,1
S6780,0
S6781,1
S6782,0
S6783,0
S6784,0
S6785,0
S6786,0
S6787,1
S6788,0
S6789,1
S6790,1
S6791,0
S6792,0
S6793,1
S6794,1
S6795,1
S6796,0
S6797,1
S6798,0
S6799,0
S6800,0
S6801,0
S6802,0
S6803,0
S6804,1
S6805,0
S6806,0
S6807,1
S6808,0
S6809,0
S6810,0
S6811,0
S6812,0
S6813,1
S6814,0
S6815,0
S6816,1
S6817,1
S6818,0
S6819,0
S6820,0
S6821,0
S6822,0
S6823,1
S6824,0
S6825,0
S6826,1
S6827,0
S6828,0
S6829,0
S6830,0
S6831,0
S6832,0
S6833,0
S6834,0
S6835,0
S6836,0
S6837,1
S6838,0
S6839,0
S6840,0
S6841,0
S6842,0
S6843,1
S6844,0
S6845,1
S6846,1
S6847,0
S6848,1
S6849,0
S6850,0
S6851,0
S6852,0
S6853,1
S6854,0
S6855,0
S6856,1
S6857,0
S6858,0
S6859,1
S6860,0
S6861,0
S6862,0
S6863,0
S6864,1
S6865,1
S6866,0
S6867,1
S6868,1
S6869,1
S6870,0
S6871,1
S6872,1
S6873,0
S6874,0
S6875,0
S6876,0
S6877,0
S6878,1
S6879,0
S6880,0
S6881,0
S6882,1
S6883,0
S6884,1
S6885,0
S6886,0
S6887,1
S6888,0
S6889,0
S6890,0
S6891,0
S6892,0
S6893,1
S6894,1
S6895,1
S6896,1
S6897,0
S6898,0
S6899,0
S6900,1
S6901,0
S6902,0
S6903,0
S6904,0
S6905,0
S6906,0
S6907,0
S6908,1
S6909,1
S6910,1
S6911,1
S6912,0
S6913,0
S6914,0
S6915,0
S6916,0
S6917,0
S6918,0
S6919,0
S6920,0
S6921,0
S6922,0
S6923,0
S6924,1
S6925,0
S6926,1
S6927,0
S6928,0
S6929,1
S6930,1
S6931,0
S6932,0
S6933,1
S6934,1
S6935,0
S6936,0
S6937,0
S6938,0
S6939,1
S6940,1
S6941,0
S6942,0
S6943,0
S6944,0
S6945,0
S6946,0
S6947,0
S6948,0
S6949,0
S6950,0
S6951,1
S6952,0
S6953,0
S6954,1
S6955,1
S6956,0
S6957,0
S6958,0
S6959,0
S6960,0
S6961,0
S6962,1
S6963,0
S6964,0
S6965,0
S6966,1
S6967,0
S6968,0
S6969,0
S6970,1
S6971,1
S6972,1
S6973,0
S6974,0
S6975,0
S6976,0
S6977,1
S6978,0
S6979,0
S6980,0
S6981,1
S6982,0
S6983,0
S6984,1
S6985,1
S6986,0
S6987,0
S6988,0
S6989,0
S6990,0
S6991,0
S6992,0
S6993,1
S6994,0
S6995,0
S6996,0
S6997,0
S6998,0
S6999,0
S7000,0
S7001,1
S7002,1
S7003,0
S7004,0
S7005,0
S7006,0
S7007,1
S7008,0
S7009,0
S7010,0
S7011,0
S7012,0
S7013,1
S7014,0
S7015,1
S7016,1
S7017,0
S7018,0
S7019,0
S7020,1
S7021,1
S7022,0
S7023,1
S7024,0
S7025,0
S7026,1
S7027,1
S7028,1
S7029,0
S7030,0
S7031,1
S7032,0
S7033,0
S7034,0
S7035,0
S7036,0
S7037,0
S7038,0
S7039,1
S7040,1
S7041,1
S7042,0
S7043,0
S7044,0
S7045,0
S7046,1
S7047,0
S7048,0
S7049,0
S7050,1
S7051,1
S7052,0
S7053,1
S7054,1
S7055,0
S7056,1
S7057,1
S7058,0
S7059,1
S7060,0
S7061,0
S7062,0
S7063,0
S7064,1
S7065,0
S7066,1
S7067,0
S7068,0
S7069,0
S7070,1
S7071,0
S7072,1
S7073,1
S7074,1
S7075,0
S7076,1
S7077,0
S7078,1
S7079,0
S7080,0
S7081,0
S7082,0
S7083,0
S7084,0
S7085,1
S7086,1
S7087,0
S7088,0
S7089,0
S7090,1
S7091,0
S7092,0
S7093,0
S7094,0
S7095,0
S7096,0
S7097,0
S7098,1
S7099,1
S7100,0
S7101,0
S7102,1
S7103,0
S7104,0
S7105,0
S7106,0
S7107,0
S7108,0
S7109,0
S7110,1
S7111,1
S7112,0
S7113,1
S7114,0
S7115,0
S7116,1
S7117,0
S7118,1
S7119,0
S7120,0
S7121,1
S7122,0
S7123,1
S7124,0
S7125,0
S7126,1
S7127,1
S7128,0
S7129,1
S7130,0
S7131,1
S7132,1
S7133,0
S7134,0
S7135,0
S7136,0
S7137,0
S7138,0
S7139,0
S7140,0
S7141,1
S7142,0
S7143,0
S7144,0
S7145,0
S7146,0
S7147,0
S7148,0
S7149,0
S7150,0
S7151,1
S7152,1
S7153,1
S7154,1
S7155,1
S7156,1
S7157,0
S7158,1
S7159,1
S7160,0
S7161,0
S7162,0
S7163,1
S7164,0
S7165,0
S7166,1
S7167,0
S7168,1
S7169,0
S7170,1
S7171,1
S7172,0
S7173,1
S7174,1
S7175,1
S7176,1
S7177,1
S7178,0
S7179,0
S7180,1
S7181,0
S7182,1
S7183,0
S7184,0
S7185,0
S7186,0
S7187,0
S7188,0
S7189,0
S7190,0
S7191,1
S7192,1
S7193,0
S7194,1
S7195,0
S7196,1
S7197,0
S7198,0
S7199,0
S7200,0
S7201,0
S7202,0
S7203,0
S7204,0
S7205,0
S7206,0
S7207,0
S7208,1
S7209,0
S7210,0
S7211,0
S7212,0
S7213,0
S7214,0
S7215,0
S7216,0
S7217,1
S7218,0
S7219,0
S7220,0
S7221,1
S7222,1
S7223,1
S7224,0
S7225,1
S7226,0
S7227,1
S7228,0
S7229,1
S7230,0
S7231,1
S7232,0
S7233,1
S7234,0
S7235,0
S7236,0
S7237,0
S7238,1
S7239,0
S7240,1
S7241,0
S7242,0
S7243,0
S7244,1
S7245,1
S7246,1
S7247,0
S7248,1
S7249,1
S7250,0
S7251,1
S7252,1
S7253,0
S7254,0
S7255,0
S7256,0
S7257,0
S7258,0
S7259,0
S7260,0
S7261,1
S7262,0
S7263,0
S7264,1
S7265,0
S7266,0
S7267,0
S7268,1
S7269,0
S7270,0
S7271,0
S7272,0
S7273,0
S7274,0
S7275,0
S7276,0
S7277,0
S7278,1
S7279,0
S7280,1
S7281,1
S7282,0
S7283,0
S7284,0
S7285,0
S7286,0
S7287,0
S7288,1
S7289,0
S7290,0
S7291,0
S7292,0
S7293,0
S7294,0
S7295,0
S7296,0
S7297,0
S7298,1
S7299,0
S7300,0
S7301,0
S7302,1
S7303,0
S7304,0
S7305,0
S7306,0
S7307,0
S7308,0
S7309,1
S7310,0
S7311,1
S7312,1
S7313,0
S7314,0
S7315,0
S7316,1
S7317,0
S7318,0
S7319,1
S7320,0
S7321,0
S7322,1
S7323,0
S7324,0
S7325,1
S7326,0
S7327,1
S7328,0
S7329,0
S7330,0
S7331,0
S7332,1
S7333,0
S7334,0
S7335,0
S7336,0
S7337,0
S7338,0
S7339,1
S7340,0
S7341,0
S7342,0
S7343,1
S7344,0
S7345,0
S7346,1
S7347,0
S7348,0
S7349,0
S7350,0
S7351,0
S7352,0
S7353,0
S7354,0
S7355,0
S7356,0
S7357,1
S7358,0
S7359,1
S7360,0
S7361,0
S7362,0
S7363,0
S7364,1
S7365,1
S7366,0
S7367,0
S7368,0
S7369,0
S7370,0
S7371,1
S7372,0
S7373,0
S7374,0
S7375,1
S7376,0
S7377,0
S7378,0
S7379,0
S7380,0
S7381,0
S7382,0
S7383,1
S7384,0
S7385,0
S7386,1
S7387,1
S7388,0
S7389,0
S7390,0
S7391,0
S7392,0
S7393,0
S7394,0
S7395,0
S7396,0
S7397,0
S7398,0
S7399,1
S7400,0
S7401,1
S7402,1
S7403,1
S7404,0
S7405,0
S7406,1
S7407,1
S7408,0
S7409,0
S7410,0
S7411,0
S7412,0
S7413,1
S7414,0
S7415,1
S7416,0
S7417,0
S7418,1
S7419,1
S7420,0
S7421,0
S7422,0
S7423,0
S7424,0
S7425,0
S7426,0
S7427,0
S7428,0
S7429,0
S7430,0
S7431,1
S7432,1
S7433,0
S7434,0
S7435,0
S7436,1
S7437,1
S7438,0
S7439,0
S7440,1
S7441,1
S7442,0
S7443,0
S7444,0
S7445,1
S7446,1
S7447,0
S7448,0
S7449,0
S7450,0
S7451,0
S7452,0
S7453,0
S7454,0
S7455,0
S7456,0
S7457,1
S7458,0
S7459,1
S7460,1
S7461,0
S7462,0
S7463,0
S7464,1
S7465,0
S7466,1
S7467,0
S7468,1
S7469,0
S7470,0
S7471,1
S7472,0
S7473,1
S7474,0
S7475,0
S7476,0
S7477,0
S7478,1
S7479,0
S7480,0
S7481,0
S7482,0
S7483,0
S7484,0
S7485,0
S7486,0
S7487,0
S7488,0
S7489,1
S7490,0
S7491,0
S7492,1
S7493,0
S7494,1
S7495,1
S7496,0
S7497,1
S7498,0
S7499,0
S7500,0
S7501,0
S7502,0
S7503,1
S7504,0
S7505,0
S7506,1
S7507,0
S7508,1
S7509,1
S7510,0
S7511,0
S7512,1
S7513,1
S7514,0
S7515,0
S7516,1
S7517,0
S7518,0
S7519,0
S7520,0
S7521,0
S7522,0
S7523,0
S7524,0
S7525,1
S7526,0
S7527,0
S7528,0
S7529,0
S7530,0
S7531,1
S7532,0
S7533,0
S7534,0
S7535,0
S7536,0
S7537,1
S7538,1
S7539,1
S7540,0
S7541,1
S7542,0
S7543,1
S7544,0
S7545,0
S7546,0
S7547,0
S7548,0
S7549,1
S7550,0
S7551,1
S7552,1
S7553,0
S7554,0
S7555,0
S7556,0
S7557,0
S7558,1
S7559,0
S7560,1
S7561,0
S7562,0
S7563,0
S7564,0
S7565,1
S7566,0
S7567,0
S7568,0
S7569,1
S7570,0
S7571,0
S7572,0
S7573,0
S7574,0
S7575,1
S7576,0
S7577,1
S7578,1
S7579,0
S7580,0
S7581,0
S7582,0
S7583,0
S7584,1
S7585,1
S7586,0
S7587,1
S7588,1
S7589,0
S7590,0
S7591,1
S7592,1
S7593,0
S7594,0
S7595,0
S7596,1
S7597,0
S7598,1
S7599,0
S7600,0
S7601,0
S7602,1
S7603,1
S7604,0
S7605,1
S7606,0
S7607,0
S7608,0
S7609,0
S7610,0
S7611,1
S7612,0
S7613,0
S7614,1
S7615,0
S7616,1
S7617,0
S7618,0
S7619,0
S7620,0
S7621,0
S7622,1
S7623,0
S7624,0
S7625,1
S7626,0
S7627,0
S7628,0
S7629,0
S7630,1
S7631,1
S7632,0
S7633,1
S7634,0
S7635,0
S7636,0
S7637,0
S7638,1
S7639,0
S7640,0
S7641,0
S7642,0
S7643,0
S7644,0
S7645,0
S7646,1
S7647,0
S7648,0
S7649,0
S7650,1
S7651,0
S7652,0
S7653,0
S7654,0
S7655,1
S7656,0
S7657,0
S7658,0
S7659,0
S7660,0
S7661,0
S7662,1
S7663,0
S7664,0
S7665,1
S7666,0
S7667,0
S7668,0
S7669,0
S7670,0
S7671,0
S7672,0
S7673,0
S7674,1
S7675,0
S7676,0
S7677,0
S7678,0
S7679,0
S7680,0
S7681,1
S7682,0
S7683,0
S7684,1
S7685,0
S7686,0
S7687,0
S7688,0
S7689,0
S7690,1
S7691,1
S7692,0
S7693,0
S7694,0
S7695,0
S7696,0
S7697,0
S7698,0
S7699,0
S7700,0
S7701,1
S7702,1
S7703,1
S7704,0
S7705,1
S7706,1
S7707,1
S7708,0
S7709,1
S7710,1
S7711,0
S7712,0
S7713,1
S7714,0
S7715,0
S7716,0
S7717,0
S7718,0
S7719,1
S7720,0
S7721,0
S7722,0
S7723,1
S7724,0
S7725,0
S7726,0
S7727,0
S7728,0
S7729,0
S7730,0
S7731,0
S7732,0
S7733,0
S7734,0
S7735,0
S7736,1
S7737,1
S7738,0
S7739,1
S7740,1
S7741,0
S7742,0
S7743,1
S7744,1
S7745,0
S7746,0
S7747,0
S7748,1
S7749,0
S7750,1
S7751,0
S7752,0
S7753,0
S7754,0
S7755,0
S7756,1
S7757,0
S7758,1
S7759,0
S7760,1
S7761,0
S7762,0
S7763,1
S7764,1
S7765,0
S7766,0
S7767,0
S7768,0
S7769,0
S7770,0
S7771,0
S7772,1
S7773,0
S7774,0
S7775,0
S7776,0
S7777,1
S7778,0
S7779,1
S7780,0
S7781,0
S7782,0
S7783,1
S7784,1
S7785,1
S7786,0
S7787,1
S7788,0
S7789,0
S7790,0
S7791,1
S7792,0
S7793,1
S7794,1
S7795,0
S7796,0
S7797,1
S7798,0
S7799,0
S7800,0
S7801,0
S7802,0
S7803,1
S7804,0
S7805,0
S7806,0
S7807,0
S7808,0
S7809,0
S7810,0
S7811,0
S7812,0
S7813,0
S7814,0
S7815,0
S7816,0
S7817,0
S7818,0
S7819,1
S7820,1
S7821,0
S7822,0
S7823,1
S7824,0
S7825,0
S7826,1
S7827,0
S7828,0
S7829,0
S7830,1
S7831,0
S7832,0
S7833,0
S7834,0
S7835,1
S7836,0
S7837,1
S7838,1
S7839,1
S7840,0
S7841,0
S7842,0
S7843,1
S7844,0
S7845,0
S7846,0
S7847,1
S7848,1
S7849,1
S7850,1
S7851,0
S7852,1
S7853,0
S7854,0
S7855,1
S7856,1
S7857,0
S7858,1
S7859,0
S7860,1
S7861,1
S7862,1
S7863,0
S7864,0
S7865,0
S7866,0
S7867,0
S7868,0
S7869,0
S7870,0
S7871,0
S7872,0
S7873,1
S7874,0
S7875,1
S7876,0
S7877,1
S7878,0
S7879,1
S7880,0
S7881,0
S7882,0
S7883,0
S7884,0
S7885,1
S7886,0
S7887,0
S7888,0
S7889,0
S7890,0
S7891,0
S7892,1
S7893,0
S7894,1
S7895,0
S7896,1
S7897,0
S7898,1
S7899,0
S7900,0
S7901,0
S7902,0
S7903,0
S7904,1
S7905,1
S7906,1
S7907,1
S7908,1
S7909,0
S7910,0
S7911,0
S7912,0
S7913,1
S7914,0
S7915,1
S7916,1
S7917,1
S7918,0
S7919,0
S7920,0
S7921,0
S7922,0
S7923,0
S7924,0
S7925,1
S7926,0
S7927,0
S7928,0
S7929,0
S7930,0
S7931,0
S7932,1
S7933,0
S7934,0
S7935,0
S7936,1
S7937,1
S7938,1
S7939,0
S7940,0
S7941,0
S7942,0
S7943,0
S7944,0
S7945,1
S7946,0
S7947,0
S7948,1
S7949,1
S7950,1
S7951,0
S7952,0
S7953,0
S7954,0
S7955,0
S7956,1
S7957,0
S7958,1
S7959,0
S7960,1
S7961,0
S7962,0
S7963,0
S7964,1
S7965,0
S7966,1
S7967,0
S7968,0
S7969,1
S7970,0
S7971,1
S7972,0
S7973,0
S7974,1
S7975,0
S7976,1
S7977,0
S7978,0
S7979,1
S7980,0
S7981,0
S7982,0
S7983,1
S7984,1
S7985,0
S7986,1
S7987,1
S7988,0
S7989,0
S7990,1
S7991,0
S7992,0
S7993,0
S7994,0
S7995,0
S7996,0
S7997,1
S7998,0
S7999,0
S8000,1
S8001,0
S8002,1
S8003,0
S8004,0
S8005,0
S8006,0
S8007,1
S8008,0
S8009,1
S8010,1
S8011,1
S8012,0
S8013,0
S8014,0
S8015,0
S8016,1
S8017,0
S8018,1
S8019,0
S8020,0
S8021,0
S8022,0
S8023,0
S8024,0
S8025,0
S8026,0
S8027,1
S8028,0
S8029,0
S8030,0
S8031,1
S8032,0
S8033,0
S8034,0
S8035,1
S8036,1
S8037,1
S8038,0
S8039,0
S8040,0
S8041,0
S8042,1
S8043,0
S8044,0
S8045,0
S8046,0
S8047,1
S8048,0
S8049,1
S8050,1
S8051,0
S8052,0
S8053,1
S8054,1
S8055,0
S8056,0
S8057,0
S8058,0
S8059,0
S8060,0
S8061,0
S8062,1
S8063,0
S8064,1
S8065,0
S8066,0
S8067,1
S8068,0
S8069,1
S8070,1
S8071,1
S8072,0
S8073,0
S8074,0
S8075,0
S8076,0
S8077,0
S8078,0
S8079,0
S8080,0
S8081,1
S8082,0
S8083,0
S8084,0
S8085,1
S8086,1
S8087,0
S8088,0
S8089,0
S8090,0
S8091,1
S8092,0
S8093,1
S8094,1
S8095,0
S8096,0
S8097,0
S8098,0
S8099,0
S8100,0
S8101,0
S8102,0
S8103,1
S8104,1
S8105,1
S8106,0
S8107,1
S8108,1
S8109,0
S8110,0
S8111,0
S8112,1
S8113,0
S8114,1
S8115,0
S8116,0
S8117,0
S8118,1
S8119,1
S8120,0
S8121,1
S8122,0
S8123,0
S8124,1
S8125,1
S8126,0
S8127,0
S8128,0
S8129,1
S8130,0
S8131,0
S8132,0
S8133,1
S8134,0
S8135,0
S8136,0
S8137,0
S8138,0
S8139,0
S8140,1
S8141,0
S8142,0
S8143,0
S8144,0
S8145,1
S8146,0
S8147,0
S8148,0
S8149,0
S8150,1
S8151,0
S8152,0
S8153,0
S8154,0
S8155,0
S8156,1
S8157,1
S8158,1
S8159,0
S8160,0
S8161,0
S8162,0
S8163,0
S8164,0
S8165,1
S8166,0
S8167,0
S8168,1
S8169,1
S8170,1
S8171,1
S8172,1
S8173,0
S8174,0
S8175,1
S8176,0
S8177,1
S8178,0
S8179,0
S8180,0
S8181,1
S8182,1
S8183,0
S8184,0
S8185,0
S8186,0
S8187,0
S8188,0
S8189,0
S8190,0
S8191,1
S8192,0
S8193,0
S8194,0
S8195,1
S8196,0
S8197,1
S8198,0
S8199,0
S8200,1
S8201,0
S8202,1
S8203,0
S8204,0
S8205,0
S8206,1
S8207,0
S8208,0
S8209,1
S8210,0
S8211,0
S8212,1
S8213,0
S8214,0
S8215,0
S8216,0
S8217,0
S8218,1
S8219,0
S8220,1
S8221,0
S8222,0
S8223,0
S8224,0
S8225,0
S8226,1
S8227,0
S8228,1
S8229,1
S8230,0
S8231,1
S8232,0
S8233,0
S8234,0
S8235,0
S8236,0
S8237,0
S8238,1
S8239,0
S8240,0
S8241,1
S8242,0
S8243,1
S8244,0
S8245,0
S8246,1
S8247,1
S8248,1
S8249,0
S8250,0
S8251,0
S8252,0
S8253,0
S8254,1
S8255,0
S8256,1
S8257,0
S8258,1
S8259,0
S8260,0
S8261,1
S8262,1
S8263,0
S8264,0
S8265,0
S8266,0
S8267,0
S8268,1
S8269,0
S8270,0
S8271,0
S8272,0
S8273,1
S8274,0
S8275,1
S8276,0
S8277,0
S8278,1
S8279,0
S8280,0
S8281,0
S8282,0
S8283,0
S8284,0
S8285,0
S8286,0
S8287,0
S8288,0
S8289,0
S8290,0
S8291,0
S8292,0
S8293,0
S8294,0
S8295,1
S8296,0
S8297,0
S8298,0
S8299,0
S8300,1
S8301,1
S8302,1
S8303,0
S8304,0
S8305,0
S8306,0
S8307,1
S8308,0
S8309,0
S8310,0
S8311,1
S8312,1
S8313,0
S8314,0
S8315,0
S8316,1
S8317,0
S8318,1
S8319,0
S8320,0
S8321,0
S8322,0
S8323,1
S8324,1
S8325,0
S8326,0
S8327,0
S8328,1
S8329,0
S8330,1
S8331,0
S8332,1
S8333,1
S8334,0
S8335,0
S8336,0
S8337,0
S8338,1
S8339,0
S8340,0
S8341,0
S8342,1
S8343,0
S8344,0
S8345,1
S8346,1
S8347,0
S8348,0
S8349,0
S8350,0
S8351,0
S8352,0
S8353,0
S8354,1
S8355,0
S8356,0
S8357,0
S8358,0
S8359,1
S8360,1
S8361,0
S8362,1
S8363,0
S8364,1
S8365,0
S8366,0
S8367,1
S8368,0
S8369,0
S8370,0
S8371,0
S8372,0
S8373,0
S8374,1
S8375,0
S8376,1
S8377,0
S8378,1
S8379,0
S8380,1
S8381,0
S8382,0
S8383,0
S8384,1
S8385,0
S8386,0
S8387,0
S8388,0
S8389,1
S8390,0
S8391,0
S8392,0
S8393,0
S8394,1
S8395,0
S8396,0
S8397,0
S8398,0
S8399,0
S8400,0
S8401,0
S8402,0
S8403,0
S8404,0
S8405,0
S8406,0
S8407,0
S8408,1
S8409,0
S8410,1
S8411,1
S8412,1
S8413,1
S8414,0
S8415,1
S8416,1
S8417,1
S8418,1
S8419,0
S8420,0
S8421,0
S8422,0
S8423,0
S8424,1
S8425,0
S8426,1
S8427,1
S8428,0
S8429,0
S8430,1
S8431,0
S8432,1
S8433,0
S8434,0
S8435,0
S8436,0
S8437,0
S8438,0
S8439,1
S8440,0
S8441,0
S8442,0
S8443,0
S8444,1
S8445,0
S8446,0
S8447,1
S8448,1
S8449,1
S8450,0
S8451,1
S8452,1
S8453,0
S8454,0
S8455,0
S8456,1
S8457,0
S8458,0
S8459,0
S8460,0
S8461,1
S8462,1
S8463,0
S8464,0
S8465,0
S8466,1
S8467,1
S8468,0
S8469,0
S8470,0
S8471,0
S8472,0
S8473,0
S8474,0
S8475,0
S8476,1
S8477,1
S8478,0
S8479,0
S8480,1
S8481,0
S8482,0
S8483,0
S8484,0
S8485,1
S8486,0
S8487,1
S8488,0
S8489,1
S8490,0
S8491,0
S8492,0
S8493,1
S8494,1
S8495,1
S8496,0
S8497,0
S8498,0
S8499,0
S8500,0
S8501,0
S8502,0
S8503,0
S8504,0
S8505,1
S8506,1
S8507,1
S8508,1
S8509,0
S8510,0
S8511,0
S8512,0
S8513,0
S8514,0
S8515,0
S8516,0
S8517,0
S8518,0
S8519,1
S8520,0
S8521,0
S8522,0
S8523,0
S8524,0
S8525,0
S8526,0
S8527,0
S8528,0
S8529,0
S8530,0
S8531,0
S8532,1
S8533,0
S8534,0
S8535,0
S8536,0
S8537,1
S8538,0
S8539,0
S8540,1
S8541,0
S8542,1
S8543,0
S8544,0
S8545,0
S8546,0
S8547,0
S8548,0
S8549,0
S8550,0
S8551,0
S8552,0
S8553,0
S8554,1
S8555,0
S8556,0
S8557,0
S8558,0
S8559,1
S8560,0
S8561,0
S8562,0
S8563,0
S8564,0
S8565,1
S8566,1
S8567,0
S8568,0
S8569,1
S8570,1
S8571,0
S8572,0
S8573,0
S8574,0
S8575,0
S8576,0
S8577,0
S8578,0
S8579,0
S8580,1
S8581,1
S8582,0
S8583,0
S8584,0
S8585,0
S8586,1
S8587,0
S8588,0
S8589,0
S8590,0
S8591,0
S8592,0
S8593,0
S8594,0
S8595,0
S8596,0
S8597,0
S8598,1
S8599,0
S8600,0
S8601,0
S8602,0
S8603,1
S8604,0
S8605,0
S8606,1
S8607,0
S8608,0
S8609,0
S8610,0
S8611,0
S8612,0
S8613,0
S8614,1
S8615,0
S8616,1
S8617,1
S8618,1
S8619,0
S8620,1
S8621,1
S8622,1
S8623,0
S8624,0
S8625,0
S8626,0
S8627,0
S8628,0
S8629,1
S8630,0
S8631,1
S8632,0
S8633,1
S8634,0
S8635,1
S8636,0
S8637,0
S8638,1
S8639,1
S8640,1
S8641,0
S8642,0
S8643,0
S8644,1
S8645,0
S8646,0
S8647,0
S8648,0
S8649,0
S8650,0
S8651,1
S8652,0
S8653,0
S8654,0
S8655,0
S8656,0
S8657,0
S8658,0
S8659,0
S8660,1
S8661,0
S8662,0
S8663,0
S8664,0
S8665,0
S8666,1
S8667,0
S8668,1
S8669,0
S8670,0
S8671,0
S8672,0
S8673,0
S8674,0
S8675,0
S8676,0
S8677,1
S8678,0
S8679,1
S8680,1
S8681,0
S8682,1
S8683,1
S8684,0
S8685,0
S8686,0
S8687,1
S8688,0
S8689,0
S8690,0
S8691,0
S8692,0
S8693,0
S8694,0
S8695,0
S8696,0
S8697,0
S8698,1
S8699,1
S8700,1
S8701,0
S8702,0
S8703,0
S8704,0
S8705,0
S8706,1
S8707,0
S8708,0
S8709,0
S8710,0
S8711,0
S8712,0
S8713,0
S8714,0
S8715,1
S8716,1
S8717,0
S8718,1
S8719,0
S8720,0
S8721,1
S8722,0
S8723,0
S8724,0
S8725,0
S8726,1
S8727,0
S8728,0
S8729,0
S8730,1
S8731,0
S8732,1
S8733,1
S8734,0
S8735,0
S8736,1
S8737,0
S8738,1
S8739,0
S8740,1
S8741,0
S8742,0
S8743,1
S8744,1
S8745,0
S8746,0
S8747,0
S8748,0
S8749,0
S8750,0
S8751,0
S8752,0
S8753,0
S8754,1
S8755,1
S8756,0
S8757,1
S8758,0
S8759,0
S8760,0
S8761,0
S8762,0
S8763,0
S8764,0
S8765,0
S8766,0
S8767,0
S8768,0
S8769,1
S8770,0
S8771,0
S8772,1
S8773,1
S8774,1
S8775,0
S8776,0
S8777,0
S8778,0
S8779,0
S8780,0
S8781,0
S8782,0
S8783,0
S8784,1
S8785,0
S8786,0
S8787,0
S8788,0
S8789,0
S8790,0
S8791,0
S8792,0
S8793,1
S8794,1
S8795,0
S8796,1
S8797,0
S8798,1
S8799,1
S8800,1
S8801,0
S8802,0
S8803,0
S8804,1
S8805,1
S8806,0
S8807,0
S8808,0
S8809,0
S8810,1
S8811,0
S8812,1
S8813,0
S8814,1
S8815,0
S8816,1
S8817,0
S8818,0
S8819,0
S8820,0
S8821,1
S8822,0
S8823,0
S8824,0
S8825,0
S8826,0
S8827,0
S8828,1
S8829,0
S8830,0
S8831,0
S8832,1
S8833,1
S8834,0
S8835,0
S8836,1
S8837,1
S8838,0
S8839,1
S8840,0
S8841,0
S8842,0
S8843,0
S8844,0
S8845,1
S8846,0
S8847,1
S8848,0
S8849,0
S8850,0
S8851,0
S8852,0
S8853,0
S8854,0
S8855,1
S8856,0
S8857,0
S8858,1
S8859,0
S8860,0
S8861,0
S8862,0
S8863,1
S8864,1
S8865,0
S8866,0
S8867,0
S8868,0
S8869,1
S8870,1
S8871,0
S8872,0
S8873,1
S8874,0
S8875,0
S8876,1
S8877,0
S8878,0
S8879,0
S8880,1
S8881,0
S8882,1
S8883,0
S8884,0
S8885,0
S8886,0
S8887,1
S8888,0
S8889,0
S8890,0
S8891,1
S8892,1
S8893,1
S8894,0
S8895,1
S8896,0
S8897,0
S8898,0
S8899,0
S8900,1
S8901,0
S8902,0
S8903,0
S8904,0
S8905,0
S8906,1
S8907,0
S8908,1
S8909,0
S8910,0
S8911,0
S8912,0
S8913,0
S8914,1
S8915,1
S8916,1
S8917,0
S8918,1
S8919,0
S8920,1
S8921,1
S8922,1
S8923,0
S8924,0
S8925,1
S8926,0
S8927,0
S8928,1
S8929,0
S8930,0
S8931,1
S8932,0
S8933,0
S8934,0
S8935,0
S8936,0
S8937,1
S8938,1
S8939,0
S8940,1
S8941,0
S8942,0
S8943,0
S8944,0
S8945,0
S8946,1
S8947,1
S8948,0
S8949,1
S8950,0
S8951,1
S8952,0
S8953,0
S8954,0
S8955,1
S8956,0
S8957,1
S8958,0
S8959,0
S8960,1
S8961,0
S8962,0
S8963,0
S8964,0
S8965,0
S8966,0
S8967,0
S8968,0
S8969,0
S8970,1
S8971,0
S8972,0
S8973,1
S8974,0
S8975,0
S8976,0
S8977,0
S8978,0
S8979,0
S8980,0
S8981,0
S8982,0
S8983,0
S8984,1
S8985,1
S8986,0
S8987,0
S8988,0
S8989,0
S8990,0
S8991,0
S8992,0
S8993,1
S8994,0
S8995,0
S8996,1
S8997,0
S8998,0
S8999,0
S9000,0
S9001,0
S9002,0
S9003,0
S9004,0
S9005,0
S9006,0
S9007,0
S9008,0
S9009,0
S9010,1
S9011,0
S9012,0
S9013,0
S9014,1
S9015,1
S9016,1
S9017,0
S9018,0
S9019,0
S9020,0
S9021,0
S9022,1
S9023,0
S9024,0
S9025,0
S9026,0
S9027,0
S9028,0
S9029,0
S9030,0
S9031,0
S9032,0
S9033,1
S9034,0
S9035,0
S9036,0
S9037,0
S9038,1
S9039,0
S9040,1
S9041,0
S9042,0
S9043,0
S9044,1
S9045,0
S9046,0
S9047,0
S9048,0
S9049,0
S9050,0
S9051,0
S9052,0
S9053,0
S9054,1
S9055,1
S9056,0
S9057,0
S9058,0
S9059,1
S9060,1
S9061,0
S9062,1
S9063,0
S9064,0
S9065,0
S9066,0
S9067,1
S9068,1
S9069,1
S9070,0
S9071,0
S9072,0
S9073,0
S9074,0
S9075,0
S9076,0
S9077,0
S9078,0
S9079,0
S9080,0
S9081,1
S9082,0
S9083,0
S9084,0
S9085,0
S9086,1
S9087,0
S9088,0
S9089,0
S9090,0
S9091,0
S9092,0
S9093,0
S9094,1
S9095,1
S9096,1
S9097,1
S9098,0
S9099,0
S9100,1
S9101,0
S9102,0
S9103,0
S9104,0
S9105,1
S9106,0
S9107,1
S9108,0
S9109,0
S9110,0
S9111,1
S9112,0
S9113,0
S9114,1
S9115,0
S9116,0
S9117,1
S9118,0
S9119,0
S9120,1
S9121,0
S9122,0
S9123,0
S9124,0
S9125,0
S9126,0
S9127,0
S9128,0
S9129,1
S9130,0
S9131,0
S9132,0
S9133,0
S9134,0
S9135,1
S9136,0
S9137,0
S9138,0
S9139,0
S9140,1
S9141,0
S9142,0
S9143,1
S9144,0
S9145,0
S9146,1
S9147,1
S9148,0
S9149,0
S9150,0
S9151,1
S9152,0
S9153,1
S9154,0
S9155,1
S9156,1
S9157,0
S9158,0
S9159,0
S9160,0
S9161,0
S9162,0
S9163,0
S9164,0
S9165,0
S9166,0
S9167,0
S9168,0
S9169,0
S9170,0
S9171,1
S9172,1
S9173,0
S9174,0
S9175,0
S9176,0
S9177,0
S9178,1
S9179,0
S9180,0
S9181,0
S9182,1
S9183,0
S9184,1
S9185,1
S9186,1
S9187,1
S9188,0
S9189,0
S9190,0
S9191,0
S9192,1
S9193,0
S9194,0
S9195,1
S9196,1
S9197,0
S9198,1
S9199,0
S9200,0
S9201,0
S9202,1
S9203,0
S9204,0
S9205,1
S9206,0
S9207,0
S9208,0
S9209,0
S9210,1
S9211,1
S9212,0
S9213,0
S9214,0
S9215,0
S9216,0
S9217,0
S9218,0
S9219,1
S9220,1
S9221,0
S9222,0
S9223,0
S9224,0
S9225,0
S9226,1
S9227,0
S9228,0
S9229,1
S9230,1
S9231,0
S9232,0
S9233,0
S9234,0
S9235,0
S9236,0
S9237,0
S9238,0
S9239,0
S9240,0
S9241,0
S9242,0
S9243,1
S9244,0
S9245,1
S9246,0
S9247,0
S9248,0
S9249,0
S9250,0
S9251,0
S9252,1
S9253,1
S9254,0
S9255,1
S9256,0
S9257,0
S9258,0
S9259,1
S9260,0
S9261,0
S9262,0
S9263,0
S9264,1
S9265,0
S9266,0
S9267,0
S9268,0
S9269,0
S9270,1
S9271,0
S9272,0
S9273,1
S9274,0
S9275,0
S9276,0
S9277,0
S9278,0
S9279,0
S9280,0
S9281,1
S9282,0
S9283,1
S9284,0
S9285,0
S9286,1
S9287,0
S9288,0
S9289,1
S9290,0
S9291,0
S9292,0
S9293,0
S9294,0
S9295,1
S9296,0
S9297,1
S9298,0
S9299,0
S9300,1
S9301,0
S9302,0
S9303,1
S9304,0
S9305,1
S9306,0
S9307,0
S9308,1
S9309,1
S9310,0
S9311,1
S9312,1
S9313,0
S9314,1
S9315,0
S9316,0
S9317,1
S9318,0
S9319,0
S9320,0
S9321,0
S9322,1
S9323,1
S9324,0
S9325,0
S9326,0
S9327,0
S9328,1
S9329,0
S9330,0
S9331,1
S9332,0
S9333,1
S9334,1
S9335,0
S9336,1
S9337,0
S9338,1
S9339,0
S9340,0
S9341,0
S9342,0
S9343,0
S9344,1
S9345,0
S9346,0
S9347,0
S9348,0
S9349,0
S9350,0
S9351,1
S9352,0
S9353,1
S9354,1
S9355,0
S9356,0
S9357,1
S9358,0
S9359,1
S9360,0
S9361,0
S9362,1
S9363,0
S9364,0
S9365,1
S9366,0
S9367,0
S9368,0
S9369,0
S9370,0
S9371,1
S9372,1
S9373,0
S9374,1
S9375,0
S9376,0
S9377,0
S9378,0
S9379,0
S9380,1
S9381,0
S9382,0
S9383,0
S9384,1
S9385,0
S9386,0
S9387,1
S9388,1
S9389,0
S9390,1
S9391,0
S9392,0
S9393,0
S9394,0
S9395,0
S9396,1
S9397,1
S9398,0
S9399,0
S9400,0
S9401,0
S9402,0
S9403,0
S9404,0
S9405,0
S9406,1
S9407,1
S9408,1
S9409,1
S9410,0
S9411,1
S9412,0
S9413,0
S9414,0
S9415,0
S9416,0
S9417,0
S9418,1
S9419,0
S9420,0
S9421,1
S9422,1
S9423,0
S9424,0
S9425,0
S9426,0
S9427,0
S9428,1
S9429,0
S9430,0
S9431,0
S9432,1
S9433,0
S9434,1
S9435,0
S9436,0
S9437,0
S9438,0
S9439,0
S9440,0
S9441,0
S9442,0
S9443,0
S9444,1
S9445,0
S9446,0
S9447,0
S9448,0
S9449,0
S9450,0
S9451,0
S9452,0
S9453,1
S9454,0
S9455,0
S9456,0
S9457,0
S9458,1
S9459,0
S9460,0
S9461,0
S9462,0
S9463,0
S9464,0
S9465,0
S9466,0
S9467,0
S9468,0
S9469,0
S9470,0
S9471,0
S9472,0
S9473,0
S9474,0
S9475,1
S9476,0
S9477,0
S9478,0
S9479,1
S9480,0
S9481,1
S9482,0
S9483,1
S9484,0
S9485,0
S9486,0
S9487,0
S9488,1
S9489,1
S9490,0
S9491,0
S9492,0
S9493,1
S9494,0
S9495,0
S9496,1
S9497,1
S9498,0
S9499,0
S9500,0
S9501,0
S9502,0
S9503,0
S9504,1
S9505,0
S9506,1
S9507,0
S9508,0
S9509,0
S9510,0
S9511,0
S9512,0
S9513,0
S9514,1
S9515,0
S9516,0
S9517,0
S9518,1
S9519,0
S9520,1
S9521,0
S9522,1
S9523,0
S9524,1
S9525,0
S9526,0
S9527,1
S9528,0
S9529,0
S9530,0
S9531,0
S9532,0
S9533,0
S9534,1
S9535,0
S9536,0
S9537,0
S9538,0
S9539,0
S9540,1
S9541,1
S9542,0
S9543,0
S9544,1
S9545,0
S9546,0
S9547,0
S9548,1
S9549,0
S9550,1
S9551,1
S9552,1
S9553,1
S9554,0
S9555,0
S9556,0
S9557,0
S9558,0
S9559,0
S9560,0
S9561,1
S9562,0
S9563,0
S9564,0
S9565,0
S9566,1
S9567,0
S9568,0
S9569,0
S9570,1
S9571,0
S9572,1
S9573,0
S9574,1
S9575,0
S9576,0
S9577,0
S9578,0
S9579,0
S9580,0
S9581,0
S9582,0
S9583,1
S9584,0
S9585,0
S9586,1
S9587,1
S9588,0
S9589,0
S9590,0
S9591,0
S9592,0
S9593,0
S9594,0
S9595,0
S9596,0
S9597,0
S9598,0
S9599,1
S9600,0
S9601,0
S9602,0
S9603,0
S9604,0
S9605,0
S9606,0
S9607,0
S9608,1
S9609,1
S9610,0
S9611,0
S9612,1
S9613,0
S9614,1
S9615,0
S9616,0
S9617,0
S9618,0
S9619,0
S9620,0
S9621,0
S9622,0
S9623,0
S9624,0
S9625,0
S9626,0
S9627,1
S9628,0
S9629,0
S9630,0
S9631,1
S9632,0
S9633,0
S9634,0
S9635,0
S9636,0
S9637,0
S9638,1
S9639,0
S9640,0
S9641,0
S9642,0
S9643,0
S9644,1
S9645,0
S9646,0
S9647,0
S9648,0
S9649,0
S9650,1
S9651,0
S9652,0
S9653,1
S9654,1
S9655,1
S9656,1
S9657,0
S9658,0
S9659,0
S9660,1
S9661,0
S9662,1
S9663,0
S9664,0
S9665,0
S9666,0
S9667,0
S9668,0
S9669,0
S9670,0
S9671,0
S9672,0
S9673,0
S9674,0
S9675,1
S9676,0
S9677,0
S9678,1
S9679,0
S9680,0
S9681,0
S9682,0
S9683,0
S9684,0
S9685,0
S9686,0
S9687,0
S9688,1
S9689,1
S9690,0
S9691,0
S9692,0
S9693,0
S9694,0
S9695,0
S9696,0
S9697,1
S9698,1
S9699,1
S9700,1
S9701,1
S9702,0
S9703,0
S9704,0
S9705,0
S9706,1
S9707,1
S9708,0
S9709,0
S9710,0
S9711,0
S9712,1
S9713,0
S9714,0
S9715,0
S9716,0
S9717,0
S9718,1
S9719,1
S9720,0
S9721,0
S9722,0
S9723,0
S9724,0
S9725,1
S9726,1
S9727,0
S9728,0
S9729,0
S9730,0
S9731,1
S9732,0
S9733,0
S9734,1
S9735,0
S9736,1
S9737,0
S9738,0
S9739,1
S9740,0
S9741,1
S9742,0
S9743,1
S9744,0
S9745,0
S9746,0
S9747,0
S9748,1
S9749,0
S9750,0
S9751,1
S9752,0
S9753,0
S9754,0
S9755,0
S9756,1
S9757,1
S9758,0
S9759,1
S9760,0
S9761,0
S9762,0
S9763,0
S9764,1
S9765,0
S9766,1
S9767,1
S9768,1
S9769,1
S9770,1
S9771,0
S9772,1
S9773,0
S9774,1
S9775,0
S9776,0
S9777,1
S9778,1
S9779,1
S9780,0
S9781,1
S9782,1
S9783,1
S9784,1
S9785,0
S9786,0
S9787,1
S9788,1
S9789,0
S9790,0
S9791,1
S9792,0
S9793,0
S9794,0
S9795,0
S9796,0
S9797,0
S9798,0
S9799,0
S9800,0
S9801,0
S9802,0
S9803,0
S9804,0
S9805,0
S9806,0
S9807,0
S9808,0
S9809,1
S9810,0
S9811,0
S9812,1
S9813,1
S9814,0
S9815,0
S9816,0
S9817,0
S9818,0
S9819,0
S9820,1
S9821,1
S9822,1
S9823,0
S9824,0
S9825,0
S9826,0
S9827,1
S9828,1
S9829,0
S9830,0
S9831,1
S9832,0
S9833,0
S9834,1
S9835,1
S9836,0
S9837,0
S9838,0
S9839,0
S9840,1
S9841,0
S9842,1
S9843,1
S9844,0
S9845,0
S9846,1
S9847,0
S9848,0
S9849,1
S9850,0
S9851,0
S9852,0
S9853,0
S9854,0
S9855,0
S9856,1
S9857,1
S9858,0
S9859,0
S9860,1
S9861,0
S9862,0
S9863,0
S9864,0
S9865,0
S9866,1
S9867,1
S9868,1
S9869,0
S9870,0
S9871,1
S9872,0
S9873,0
S9874,0
S9875,0
S9876,0
S9877,0
S9878,0
S9879,0
S9880,0
S9881,1
S9882,0
S9883,0
S9884,0
S9885,0
S9886,0
S9887,0
S9888,1
S9889,1
S9890,0
S9891,0
S9892,0
S9893,0
S9894,0
S9895,0
S9896,0
S9897,1
S9898,0
S9899,1
S9900,0
S9901,0
S9902,0
S9903,1
S9904,0
S9905,1
S9906,0
S9907,0
S9908,0
S9909,0
S9910,1
S9911,0
S9912,0
S9913,0
S9914,1
S9915,0
S9916,0
S9917,0
S9918,0
S9919,1
S9920,0
S9921,0
S9922,0
S9923,0
S9924,0
S9925,0
S9926,0
S9927,0
S9928,0
S9929,1
S9930,0
S9931,0
S9932,0
S9933,1
S9934,0
S9935,1
S9936,0
S9937,1
S9938,0
S9939,0
S9940,0
S9941,1
S9942,0
S9943,0
S9944,0
S9945,0
S9946,0
S9947,0
S9948,1
S9949,0
S9950,0
S9951,1
S9952,0
S9953,0
S9954,0
S9955,1
S9956,0
S9957,1
S9958,0
S9959,1
S9960,0
S9961,0
S9962,0
S9963,0
S9964,0
S9965,0
S9966,0
S9967,0
S9968,1
S9969,1
S9970,0
S9971,0
S9972,0
S9973,0
S9974,0
S9975,0
S9976,0
S9977,1
S9978,1
S9979,0
S9980,1
S9981,1
S9982,0
S9983,0
S9984,0
S9985,0
S9986,0
S9987,0
S9988,0
S9989,0
S9990,0
S9991,1
S9992,0
S9993,0
S9994,1
S9995,1
S9996,0
S9997,1
S9998,0
S9999,0
S10000,1
